,attr,charge,id,mode,name,race,rare,skill1,skill2,skill3,攻擊力(.*)提升,回復(.*)生命力,CD,無視(.*)指定形狀盾,無視(.*)五屬盾,無視(.*)攻前盾,回復力(.*)提升,減少所受傷害,造成(.*),屬性相剋,轉化為我方生命力,單體攻擊轉化為全體攻擊,延遲,所受傷害不會使你死亡,轉化(.*)符石,迴避,追打,造成(.*)此傷害無視防禦力,反擊
0,,消除任何符石 (只計算首批消除的符石),1,1,虛之狂暴龍紋,,1,1 回合內，隊伍攻擊力提升 10%,,,1.0,,,,,,,,,,,,,,,,,,
1,,消除任何符石 (只計算首批消除的符石),2,2,虛之狂暴龍印,,1,1 回合內，隊伍攻擊力提升 10%,,,1.0,,,,,,,,,,,,,,,,,,
2,,消除任何符石 (只計算首批消除的符石),3,3,虛之狂暴龍咒,,1,1 回合內，隊伍攻擊力提升 10%,,,1.0,,,,,,,,,,,,,,,,,,
3,水,消除水符石 (只計算首批消除的符石),4,1,漩之屏息龍紋,,2,1 回合內，水屬性成員的攻擊力提升 20%,1 回合內，回復 50% 生命力,,1.0,1.0,,,,,,,,,,,,,,,,,
4,火,消除火符石 (只計算首批消除的符石),5,3,煉之屏息龍咒,,2,1 回合內，火屬性成員的攻擊力提升 20%,1 回合內，回復 50% 生命力,,1.0,1.0,,,,,,,,,,,,,,,,,
5,木,消除木符石 (只計算首批消除的符石),6,1,森之屏息龍紋,,2,1 回合內，木屬性成員的攻擊力提升 20%,1 回合內，回復 50% 生命力,,1.0,1.0,,,,,,,,,,,,,,,,,
6,光,消除光符石 (只計算首批消除的符石),7,2,耀之屏息龍印,,2,1 回合內，光屬性成員的攻擊力提升 20%,1 回合內，回復 50% 生命力,,1.0,1.0,,,,,,,,,,,,,,,,,
7,暗,消除暗符石 (只計算首批消除的符石),8,3,影之屏息龍咒,,2,1 回合內，暗屬性成員的攻擊力提升 20%,1 回合內，回復 50% 生命力,,1.0,1.0,,,,,,,,,,,,,,,,,
8,,連擊 (Combo) 達 4 或以上,9,1,連之愈時龍紋,人類,3,1 回合內，人類成員的攻擊力提升 20%,隨機 1 個人類成員的技能 CD 減少 2,1 回合內，隊伍攻擊力提升 20%,1.0,,1.0,,,,,,,,,,,,,,,,
9,,消除心符石 (只計算首批消除的符石),10,2,祈之圖騰龍印,獸類,3,1 回合內，獸類成員的攻擊力提升 20%,1 回合內，20% 的攻擊傷害無視指定形狀盾,1 回合內，隊伍攻擊力提升 20%,1.0,,,1.0,,,,,,,,,,,,,,,
10,,裝備此龍刻的召喚獸發動攻擊的次數,11,3,攻之原色龍咒,神族,3,1 回合內，神族成員的攻擊力提升 20%,1 回合內，20% 的攻擊傷害無視五屬盾,1 回合內，隊伍攻擊力提升 20%,1.0,,,,1.0,,,,,,,,,,,,,,
11,,消除心符石 (只計算首批消除的符石),12,1,祈之衝鋒龍紋,龍類,3,1 回合內，龍類成員的攻擊力提升 20%,1 回合內，20% 的攻擊傷害無視攻前盾,1 回合內，隊伍攻擊力提升 20%,1.0,,,,,1.0,,,,,,,,,,,,,
12,,召喚獸受到攻擊次數,13,2,抵之愈時龍印,妖精類,3,1 回合內，妖精類成員的回復力提升 20%,隨機 3 個妖精類成員的技能 CD 減少 1,1 回合內，隊伍攻擊力提升 20%,1.0,,1.0,,,,1.0,,,,,,,,,,,,
13,,裝備此龍刻的召喚獸發動攻擊的次數,14,3,攻之愈時龍咒,魔族,3,1 回合內，魔族成員的攻擊力提升 20%,隨機 1 個魔族成員的技能 CD 減少 2,1 回合內，隊伍攻擊力提升 20%,1.0,,1.0,,,,,,,,,,,,,,,,
14,,裝備此龍刻的召喚獸發動攻擊的次數,15,2,攻之屏息龍印,,2,1 回合內，回復 50% 生命力,1 回合內，隊伍攻擊力提升 20%,,1.0,1.0,,,,,,,,,,,,,,,,,
15,,裝備此龍刻的召喚獸發動攻擊的次數,16,3,攻之屏息龍咒,,2,1 回合內，回復 50% 生命力,1 回合內，隊伍攻擊力提升 20%,,1.0,1.0,,,,,,,,,,,,,,,,,
16,,召喚獸受到攻擊次數,17,1,抵之狂暴龍紋,,1,1 回合內，隊伍攻擊力提升 10%,,,1.0,,,,,,,,,,,,,,,,,,
17,,裝備此龍刻的召喚獸發動攻擊的次數,18,2,攻之鐵壁龍印,人類,2,1 回合內，減少所受傷害 50%,1 回合內，對全體敵人造成 25000 點無屬性傷害,,,,,,,,,1.0,1.0,,,,,,,,,,
18,,裝備此龍刻的召喚獸發動攻擊的次數,19,2,攻之炮擊龍印,獸類,2,1 回合內，減少所受傷害 50%,1 回合內，對全體敵人造成 25000 點無屬性傷害,,,,,,,,,1.0,1.0,,,,,,,,,,
19,,連擊 (Combo) 達 4 或以上,20,2,連之鐵壁龍印,神族,2,1 回合內，減少所受傷害 50%,1 回合內，對全體敵人造成 25000 點無屬性傷害,,,,,,,,,1.0,1.0,,,,,,,,,,
20,,召喚獸受到攻擊次數,21,3,抵之炮擊龍咒,龍類,2,1 回合內，減少所受傷害 50%,1 回合內，對全體敵人造成 25000 點無屬性傷害,,,,,,,,,1.0,1.0,,,,,,,,,,
21,,消除心符石 (只計算首批消除的符石),22,1,祈之炮擊龍紋,妖精類,2,1 回合內，減少所受傷害 50%,1 回合內，對全體敵人造成 25000 點無屬性傷害,,,,,,,,,1.0,1.0,,,,,,,,,,
22,,連擊 (Combo) 達 4 或以上,23,2,連之炮擊龍印,魔族,2,1 回合內，減少所受傷害 50%,1 回合內，對全體敵人造成 25000 點無屬性傷害,,,,,,,,,1.0,1.0,,,,,,,,,,
23,水,消除水符石 (只計算首批消除的符石),24,2,漩之狂暴龍印,,3,1 回合內，隊伍回復力提升 50%,1 回合內，水屬性成員的攻擊力提升 30%,1 回合內，所有成員無視屬性相剋,1.0,,,,,,1.0,,,1.0,,,,,,,,,
24,火,消除火符石 (只計算首批消除的符石),25,1,煉之狂暴龍紋,,3,1 回合內，隊伍回復力提升 50%,1 回合內，火屬性成員的攻擊力提升 30%,1 回合內，所有成員無視屬性相剋,1.0,,,,,,1.0,,,1.0,,,,,,,,,
25,木,消除木符石 (只計算首批消除的符石),26,3,森之狂暴龍咒,,3,1 回合內，隊伍回復力提升 50%,1 回合內，木屬性成員的攻擊力提升 30%,1 回合內，所有成員無視屬性相剋,1.0,,,,,,1.0,,,1.0,,,,,,,,,
26,光,消除光符石 (只計算首批消除的符石),27,2,耀之狂暴龍印,,3,1 回合內，隊伍回復力提升 50%,1 回合內，光屬性成員的攻擊力提升 30%,1 回合內，敵方所受傷害的 3% 轉化為我方生命力，最大為生命力等值的50% (傷害轉化效果不能疊加，並不計算主動及隊長技傷害),1.0,,,,,,1.0,,,,1.0,,,,,,,,
27,暗,消除暗符石 (只計算首批消除的符石),28,3,影之狂暴龍咒,,3,1 回合內，隊伍回復力提升 50%,1 回合內，暗屬性成員的攻擊力提升 30%,1 回合內，敵方所受傷害的 3% 轉化為我方生命力，最大為生命力等值的50% (傷害轉化效果不能疊加，並不計算主動及隊長技傷害),1.0,,,,,,1.0,,,,1.0,,,,,,,,
28,,消除心符石 (只計算首批消除的符石),29,3,祈之鐵壁龍咒,人類,2,1 回合內，隊伍攻擊力提升 20%,1 回合內，減少所受傷害 80%,,1.0,,,,,,,1.0,,,,,,,,,,,
29,,召喚獸受到攻擊次數,30,3,抵之屏息龍咒,獸類,2,1 回合內，隊伍攻擊力提升 20%,1 回合內，回復 80% 生命力,,1.0,1.0,,,,,,,,,,,,,,,,,
30,,裝備此龍刻的召喚獸發動攻擊的次數,31,1,攻之屏息龍紋,神族,2,1 回合內，隊伍攻擊力提升 20%,1 回合內，回復 80% 生命力,,1.0,1.0,,,,,,,,,,,,,,,,,
31,,連擊 (Combo) 達 4 或以上,32,2,連之屏息龍印,龍類,2,1 回合內，隊伍攻擊力提升 20%,1 回合內，回復 80% 生命力,,1.0,1.0,,,,,,,,,,,,,,,,,
32,,消除心符石 (只計算首批消除的符石),33,2,祈之屏息龍印,妖精類,2,1 回合內，隊伍攻擊力提升 20%,1 回合內，回復 80% 生命力,,1.0,1.0,,,,,,,,,,,,,,,,,
33,,連擊 (Combo) 達 4 或以上,34,1,連之鐵壁龍紋,魔族,2,1 回合內，隊伍攻擊力提升 20%,1 回合內，減少所受傷害 80%,,1.0,,,,,,,1.0,,,,,,,,,,,
34,,消除心符石 (只計算首批消除的符石),35,4,祈之狂暴龍符,,1,1 回合內，隊伍攻擊力提升 10%,,,1.0,,,,,,,,,,,,,,,,,,
35,,連擊 (Combo) 達 4 或以上,36,4,連之王暴龍符,人類,2,1 回合內，單體攻擊轉化為全體攻擊,1 回合內，人類成員的攻擊力提升 30%,,1.0,,,,,,,,,,,1.0,,,,,,,
36,,裝備此龍刻的召喚獸發動攻擊的次數,37,4,攻之獸暴龍符,獸類,2,1 回合內，單體攻擊轉化為全體攻擊,1 回合內，獸類成員的攻擊力提升 30%,,1.0,,,,,,,,,,,1.0,,,,,,,
37,,連擊 (Combo) 達 4 或以上,38,4,連之神暴龍符,神族,2,1 回合內，單體攻擊轉化為全體攻擊,1 回合內，神族成員的攻擊力提升 30%,,1.0,,,,,,,,,,,1.0,,,,,,,
38,,連擊 (Combo) 達 4 或以上,39,4,連之龍暴龍符,龍類,2,1 回合內，單體攻擊轉化為全體攻擊,1 回合內，龍類成員的攻擊力提升 30%,,1.0,,,,,,,,,,,1.0,,,,,,,
39,,召喚獸受到攻擊次數,40,4,抵之妖暴龍符,妖精類,2,1 回合內，單體攻擊轉化為全體攻擊,1 回合內，妖精類成員的攻擊力提升 30%,,1.0,,,,,,,,,,,1.0,,,,,,,
40,,裝備此龍刻的召喚獸發動攻擊的次數,41,4,攻之魔暴龍符,魔族,2,1 回合內，單體攻擊轉化為全體攻擊,1 回合內，魔族成員的攻擊力提升 30%,,1.0,,,,,,,,,,,1.0,,,,,,,
41,水,消除水符石 (只計算首批消除的符石),42,4,漩之威嚇龍符,,2,1 回合內，水屬性成員的攻擊力提升 20%,延遲火屬性敵人行動 1 回合,,1.0,,,,,,,,,,,,1.0,,,,,,
42,火,消除火符石 (只計算首批消除的符石),43,4,煉之威嚇龍符,,2,1 回合內，火屬性成員的攻擊力提升 20%,延遲木屬性敵人行動 1 回合,,1.0,,,,,,,,,,,,1.0,,,,,,
43,木,消除木符石 (只計算首批消除的符石),44,2,森之威嚇龍印,,2,1 回合內，木屬性成員的攻擊力提升 20%,延遲水屬性敵人行動 1 回合,,1.0,,,,,,,,,,,,1.0,,,,,,
44,光,消除光符石 (只計算首批消除的符石),45,4,耀之威嚇龍符,,2,1 回合內，光屬性成員的攻擊力提升 20%,延遲暗屬性敵人行動 1 回合,,1.0,,,,,,,,,,,,1.0,,,,,,
45,暗,消除暗符石 (只計算首批消除的符石),46,2,影之威嚇龍印,,2,1 回合內，暗屬性成員的攻擊力提升 20%,延遲光屬性敵人行動 1 回合,,1.0,,,,,,,,,,,,1.0,,,,,,
46,水,裝備此龍刻的召喚獸發動攻擊的次數,47,2,攻之原色龍印,人類,3,1 回合內，人類成員的攻擊力提升 20%,1 回合內，50% 的攻擊傷害無視五屬盾,1 回合內，水屬性成員的攻擊力提升 30%,1.0,,,,1.0,,,,,,,,,,,,,,
47,火,裝備此龍刻的召喚獸發動攻擊的次數,48,3,攻之圖騰龍咒,人類,3,1 回合內，人類成員的攻擊力提升 20%,1 回合內，50% 的攻擊傷害無視指定形狀盾,1 回合內，火屬性成員的攻擊力提升 30%,1.0,,,1.0,,,,,,,,,,,,,,,
48,木,連擊 (Combo) 達 4 或以上,49,4,連之衝鋒龍符,人類,3,1 回合內，人類成員的攻擊力提升 20%,1 回合內，50% 的攻擊傷害無視攻前盾,1 回合內，木屬性成員的攻擊力提升 30%,1.0,,,,,1.0,,,,,,,,,,,,,
49,光,裝備此龍刻的召喚獸發動攻擊的次數,50,1,攻之王暴龍紋,人類,3,1 回合內，人類成員的攻擊力提升 20%,1 回合內，回復 60% 生命力,1 回合內，光屬性成員的攻擊力提升 30%,1.0,1.0,,,,,,,,,,,,,,,,,
50,暗,連擊 (Combo) 達 4 或以上,51,4,連之屏息龍符,人類,3,1 回合內，人類成員的攻擊力提升 20%,1 回合內，回復 60% 生命力,1 回合內，暗屬性成員的攻擊力提升 30%,1.0,1.0,,,,,,,,,,,,,,,,,
51,水,消除水符石 (只計算首批消除的符石),52,3,漩之絕境龍咒,神族,3,隨機 2 個水成員的技能 CD 減少 1,1 回合內，水屬性成員的攻擊力提升 30%,1 回合內，所受傷害不會使你死亡,1.0,,1.0,,,,,,,,,,,1.0,,,,,
52,火,消除火符石 (只計算首批消除的符石),53,4,煉之絕境龍符,神族,3,隨機 2 個火成員的技能 CD 減少 1,1 回合內，火屬性成員的攻擊力提升 30%,1 回合內，所受傷害不會使你死亡,1.0,,1.0,,,,,,,,,,,1.0,,,,,
53,木,消除木符石 (只計算首批消除的符石),54,1,森之絕境龍紋,神族,3,隨機 2 個木成員的技能 CD 減少 1,1 回合內，木屬性成員的攻擊力提升 30%,1 回合內，所受傷害不會使你死亡,1.0,,1.0,,,,,,,,,,,1.0,,,,,
54,光,消除光符石 (只計算首批消除的符石),55,4,耀之鐵壁龍符,神族,3,隨機 2 個光成員的技能 CD 減少 1,1 回合內，光屬性成員的攻擊力提升 30%,1 回合內，減少所受傷害 80%,1.0,,1.0,,,,,1.0,,,,,,,,,,,
55,暗,消除暗符石 (只計算首批消除的符石),56,2,影之鐵壁龍印,神族,3,隨機 2 個暗成員的技能 CD 減少 1,1 回合內，暗屬性成員的攻擊力提升 30%,1 回合內，減少所受傷害 80%,1.0,,1.0,,,,,1.0,,,,,,,,,,,
56,,裝備此龍刻的召喚獸發動攻擊的次數,57,4,攻之狂暴龍符,神族,3,1 回合內，回復 50% 生命力,隨機 3 個神族成員的技能 CD 減少 1,1 回合內，隊伍攻擊力提升 50%,1.0,1.0,1.0,,,,,,,,,,,,,,,,
57,,消除任何符石 (只計算首批消除的符石),58,5,虛之狂暴龍玉,,1,1 回合內，隊伍攻擊力提升 10%,,,1.0,,,,,,,,,,,,,,,,,,
58,水,消除水符石 (只計算首批消除的符石),59,5,漩之狂暴龍玉,,2,1 回合內，隊伍攻擊力及回復力提升 15%,1 回合內，水屬性成員對水屬性敵人的攻擊力提升 30%,,1.0,,,,,,1.0,,,,,,,,,,,,
59,火,消除火符石 (只計算首批消除的符石),60,5,煉之狂暴龍玉,,2,1 回合內，隊伍攻擊力及回復力提升 15%,1 回合內，火屬性成員對火屬性敵人的攻擊力提升 30%,,1.0,,,,,,1.0,,,,,,,,,,,,
60,木,消除木符石 (只計算首批消除的符石),61,5,森之狂暴龍玉,,2,1 回合內，隊伍攻擊力及回復力提升 15%,1 回合內，木屬性成員對木屬性敵人的攻擊力提升 30%,,1.0,,,,,,1.0,,,,,,,,,,,,
61,光,消除光符石 (只計算首批消除的符石),62,5,耀之狂暴龍玉,,2,1 回合內，隊伍攻擊力及回復力提升 15%,1 回合內，光屬性成員對光屬性敵人的攻擊力提升 30%,,1.0,,,,,,1.0,,,,,,,,,,,,
62,暗,消除暗符石 (只計算首批消除的符石),63,5,影之狂暴龍玉,,2,1 回合內，隊伍攻擊力及回復力提升 15%,1 回合內，暗屬性成員對暗屬性敵人的攻擊力提升 30%,,1.0,,,,,,1.0,,,,,,,,,,,,
63,,連擊 (Combo) 達 4 或以上,64,5,連之越時龍玉,神族,3,1 回合內，隊伍攻擊力及回復力提升 15%,1 回合內，隊伍攻擊力提升 20%,隨機 2 個神族成員的技能 CD 減少 2,1.0,,1.0,,,,1.0,,,,,,,,,,,,
64,水,消除水符石 (只計算首批消除的符石),65,3,漩之狂暴龍咒,,2,1 回合內，隊伍回復力提升 75%,1 回合內，隊伍攻擊力提升 25%,,1.0,,,,,,1.0,,,,,,,,,,,,
65,火,消除火符石 (只計算首批消除的符石),66,2,煉之狂暴龍印,,2,1 回合內，隊伍回復力提升 75%,1 回合內，隊伍攻擊力提升 25%,,1.0,,,,,,1.0,,,,,,,,,,,,
66,木,消除木符石 (只計算首批消除的符石),67,4,森之屏息龍符,,2,1 回合內，隊伍回復力提升 75%,1 回合內，隊伍攻擊力提升 25%,,1.0,,,,,,1.0,,,,,,,,,,,,
67,光,消除光符石 (只計算首批消除的符石),68,1,耀之狂暴龍紋,,2,1 回合內，隊伍回復力提升 75%,1 回合內，隊伍攻擊力提升 25%,,1.0,,,,,,1.0,,,,,,,,,,,,
68,暗,消除暗符石 (只計算首批消除的符石),69,2,影之狂暴龍印,,2,1 回合內，隊伍回復力提升 75%,1 回合內，隊伍攻擊力提升 25%,,1.0,,,,,,1.0,,,,,,,,,,,,
69,水,消除任何符石 (只計算首批消除的符石),70,1,漩之神療龍紋,神族,3,1 回合內，隊伍攻擊力提升 15%,1 回合內，回復 65% 生命力,1 回合內，隊伍攻擊力提升 25%,1.0,1.0,,,,,,,,,,,,,,,,,
70,木,消除任何符石 (只計算首批消除的符石),71,3,森之魔暴龍咒,魔族,3,1 回合內，魔族成員的攻擊力提升 15%,隨機 2 個魔族成員的技能 CD 減少 2,1 回合內，回復 50% 生命力,1.0,1.0,1.0,,,,,,,,,,,,,,,,
71,,消除任何符石 (只計算首批消除的符石),72,4,虛之獸暴龍符,獸類,3,1 回合內，獸類成員的攻擊力提升 20%,隨機 4 個獸類成員的技能 CD 減少 2,1 回合內，回復 100% 生命力,1.0,1.0,1.0,,,,,,,,,,,,,,,,
72,,消除任何符石 (只計算首批消除的符石),73,4,虛之衝鋒龍符,魔族,3,1 回合內，隊伍攻擊力提升 15%,1 回合內，魔族成員的攻擊力提升 20%,1 回合內，無視攻前盾,1.0,,,,,1.0,,,,,,,,,,,,,
73,火,消除任何符石 (只計算首批消除的符石),74,2,煉之魔暴龍印,魔族,3,1 回合內，魔族成員的攻擊力提升 20%,1 回合內，火屬性成員的攻擊力提升 20%,1 回合內，敵方所受傷害的 3% 轉化為我方生命力，最大為生命力等值的50% (傷害轉化效果不能疊加，並不計算主動及隊長技傷害),1.0,,,,,,,,,,1.0,,,,,,,,
74,,消除任何符石 (只計算首批消除的符石),75,6,虛之狂暴龍刃,,1,1 回合內，隊伍攻擊力提升 10%,,,1.0,,,,,,,,,,,,,,,,,,
75,木,裝備此龍刻的召喚獸發動攻擊的次數,76,6,森之狂暴龍刃,,2,1 回合內，隊伍攻擊力提升 15%,1 回合內，攻擊力提升 15%，所有成員無視屬性相剋,,1.0,,,,,,,,,1.0,,,,,,,,,
76,水,裝備此龍刻的召喚獸發動攻擊的次數,77,6,漩之狂暴龍刃,,2,1 回合內，隊伍攻擊力提升 15%,1 回合內，攻擊力提升 15%，所有成員無視屬性相剋,,1.0,,,,,,,,,1.0,,,,,,,,,
77,光,裝備此龍刻的召喚獸發動攻擊的次數,78,6,耀之狂暴龍刃,,2,1 回合內，隊伍攻擊力提升 15%,1 回合內，攻擊力提升 15%，所有成員無視屬性相剋,,1.0,,,,,,,,,1.0,,,,,,,,,
78,火,裝備此龍刻的召喚獸發動攻擊的次數,79,6,煉之狂暴龍刃,,2,1 回合內，隊伍攻擊力提升 15%,1 回合內，攻擊力提升 15%，所有成員無視屬性相剋,,1.0,,,,,,,,,1.0,,,,,,,,,
79,暗,裝備此龍刻的召喚獸發動攻擊的次數,80,6,影之狂暴龍刃,,2,1 回合內，隊伍攻擊力提升 15%,1 回合內，攻擊力提升 15%，所有成員無視屬性相剋,,1.0,,,,,,,,,1.0,,,,,,,,,
80,水,消除水符石 (只計算首批消除的符石),81,6,漩之魔障龍刃,魔族,3,1 回合內，水屬性成員的攻擊力提升 20%,1 回合內，回復 50% 生命力,1 回合內，減少所受傷害 80%,1.0,1.0,,,,,,1.0,,,,,,,,,,,
81,,消除心符石 (只計算首批消除的符石),82,6,祈之妖療龍刃,妖精類,3,1 回合內，妖精類成員的回復力提升 100%,隨機 4 個妖精類成員的技能 CD 減少 2,完成龍刻脈動後，將場上數量最多的 1 種符石轉化為心符石,,,1.0,,,,1.0,,,,,,,,1.0,,,,
82,光,消除光符石 (只計算首批消除的符石),83,6,耀之玲瓏龍刃,,3,1 回合內，隊伍攻擊力提升 15%,1 回合內，回復 50% 生命力,1 回合內，隊伍攻擊力提升 25%,1.0,1.0,,,,,,,,,,,,,,,,,
83,,連擊 (Combo) 達 4 或以上,84,6,連之越時龍刃,人類,3,1 回合內，隊伍攻擊力提升 15%,1 回合內，隊伍攻擊力提升 25%,隨機 2 個人類成員的技能 CD 減少 2,1.0,,1.0,,,,,,,,,,,,,,,,
84,水,連擊 (Combo) 達 4 或以上,85,4,漩之復生龍符,,2,1 回合內，敵人全體的防禦力減少 50%,1 回合內，回復 100% 生命力,,,1.0,,,,,,,,,,,,,,,,,
85,火,連擊 (Combo) 達 4 或以上,86,3,煉之復生龍咒,,2,1 回合內，敵人全體的防禦力減少 50%,1 回合內，回復 100% 生命力,,,1.0,,,,,,,,,,,,,,,,,
86,木,連擊 (Combo) 達 4 或以上,87,2,森之復生龍印,,2,1 回合內，敵人全體的防禦力減少 50%,1 回合內，回復 100% 生命力,,,1.0,,,,,,,,,,,,,,,,,
87,光,連擊 (Combo) 達 4 或以上,88,4,耀之復生龍符,,2,1 回合內，敵人全體的防禦力減少 50%,1 回合內，回復 100% 生命力,,,1.0,,,,,,,,,,,,,,,,,
88,暗,連擊 (Combo) 達 4 或以上,89,1,影之復生龍紋,,2,1 回合內，敵人全體的防禦力減少 50%,1 回合內，回復 100% 生命力,,,1.0,,,,,,,,,,,,,,,,,
89,,消除心符石 (只計算首批消除的符石),90,2,祈之龍療龍印,龍類,3,1 回合內，隊伍攻擊力提升 15%,1 回合內，回復 50% 生命力,隨機 2 個龍類成員的技能 CD 減少 2,1.0,1.0,1.0,,,,,,,,,,,,,,,,
90,,連擊 (Combo) 達 4 或以上,91,3,連之王療龍咒,人類,3,1 回合內，攻擊力提升 15%，所有成員無視屬性相剋,1 回合內，回復 65% 生命力,1 回合內，對全體敵人造成 100000 點無屬性傷害,1.0,1.0,,,,,,,1.0,1.0,,,,,,,,,
91,火,消除任何符石 (只計算首批消除的符石),92,1,煉之越時龍紋,神族,3,1 回合內，回復 50% 生命力,隨機 3 個神族成員的技能 CD 減少 2,1 回合內，隊伍攻擊力提升 15%,1.0,1.0,1.0,,,,,,,,,,,,,,,,
92,,連擊 (Combo) 達 4 或以上,93,1,連之魔暴龍紋,魔族,3,1 回合內，隊伍攻擊力提升 15%,1 回合內，魔族成員的攻擊力提升 20%,1 回合內，所受傷害不會使你死亡,1.0,,,,,,,,,,,,,1.0,,,,,
93,,連擊 (Combo) 達 4 或以上,94,3,連之屏息龍咒,,3,1 回合內，隊伍攻擊力提升 15%,1 回合內，隊伍回復力提升 50%,1 回合內，減少所受傷害 80%,1.0,,,,,,1.0,1.0,,,,,,,,,,,
94,,裝備此龍刻的召喚獸發動攻擊的次數,95,1,攻之復生龍紋,獸類,3,1 回合內，隊伍攻擊力提升 15%,1 回合內，完全回復生命力,隨機 2 個獸類成員的技能 CD 減少 2,1.0,1.0,1.0,,,,,,,,,,,,,,,,
95,水,裝備此龍刻的召喚獸發動攻擊的次數,96,4,漩之幻變龍符,,2,1 回合內，迴避木屬性敵人的攻擊,完成龍刻脈動後，將場上的木符石轉化為心符石,,,,,,,,,,,,,,,,1.0,1.0,,,
96,火,裝備此龍刻的召喚獸發動攻擊的次數,97,1,煉之幻變龍紋,,2,1 回合內，迴避水屬性敵人的攻擊,完成龍刻脈動後，將場上的水符石轉化為心符石,,,,,,,,,,,,,,,,1.0,1.0,,,
97,木,裝備此龍刻的召喚獸發動攻擊的次數,98,3,森之幻變龍咒,,2,1 回合內，迴避火屬性敵人的攻擊,完成龍刻脈動後，將場上的火符石轉化為心符石,,,,,,,,,,,,,,,,1.0,1.0,,,
98,光,裝備此龍刻的召喚獸發動攻擊的次數,99,2,耀之幻變龍印,,2,1 回合內，迴避暗屬性敵人的攻擊,完成龍刻脈動後，將場上的暗符石轉化為心符石,,,,,,,,,,,,,,,,1.0,1.0,,,
99,暗,裝備此龍刻的召喚獸發動攻擊的次數,100,2,影之幻變龍印,,2,1 回合內，迴避光屬性敵人的攻擊,完成龍刻脈動後，將場上的光符石轉化為心符石,,,,,,,,,,,,,,,,1.0,1.0,,,
100,火,消除火符石 (只計算首批消除的符石),101,4,煉之原色龍符,神族,3,1 回合內，火屬性成員的攻擊力提升 20%,1 回合內，90% 的攻擊傷害無視五屬盾,1 回合內，隊伍攻擊力及回復力提升 30%,1.0,,,,1.0,,1.0,,,,,,,,,,,,
101,,連擊 (Combo) 達 4 或以上,102,3,連之神療龍咒,神族,3,1 回合內，神族成員的攻擊力提升 15%,1 回合內，回復 50% 生命力,1 回合內，攻擊力提升 20%，所有成員無視屬性相剋,1.0,1.0,,,,,,,,1.0,,,,,,,,,
102,,裝備此龍刻的召喚獸發動攻擊的次數,103,3,攻之嗜血龍咒,獸類,3,1 回合內，獸類成員的攻擊力提升 15%,1 回合內，敵方所受傷害的 3% 轉化為我方生命力，最大為生命力等值的50% (傷害轉化效果不能疊加，並不計算主動及隊長技傷害),隨機 2 個獸類成員的技能 CD 減少 2,1.0,,1.0,,,,,,,,1.0,,,,,,,,
103,光,消除光符石 (只計算首批消除的符石),104,1,耀之嗜血龍紋,魔族,3,1 回合內，魔族成員的攻擊力提升 15%,1 回合內，敵方所受傷害的 3% 轉化為我方生命力，最大為生命力等值的50% (傷害轉化效果不能疊加，並不計算主動及隊長技傷害),隨機 2 個魔族成員的技能 CD 減少 2,1.0,,1.0,,,,,,,,1.0,,,,,,,,
104,暗,消除暗符石 (只計算首批消除的符石),105,4,影之嗜血龍符,魔族,3,1 回合內，魔族成員的攻擊力提升 15%,1 回合內，敵方所受傷害的 3% 轉化為我方生命力，最大為生命力等值的50% (傷害轉化效果不能疊加，並不計算主動及隊長技傷害),隨機 2 個魔族成員的技能 CD 減少 2,1.0,,1.0,,,,,,,,1.0,,,,,,,,
105,木,消除木符石 (只計算首批消除的符石),106,2,森之龍療龍印,龍類,3,1 回合內，龍類成員的攻擊力提升 15%,1 回合內，回復 50% 生命力,1 回合內，對全體敵人造成 100000 點無屬性傷害,1.0,1.0,,,,,,,1.0,,,,,,,,,,
106,,連擊 (Combo) 達 4 或以上,107,1,連之龍療龍紋,龍類,3,1 回合內，龍類成員的攻擊力提升 15%,1 回合內，回復 50% 生命力,1 回合內，無視攻前盾,1.0,1.0,,,,1.0,,,,,,,,,,,,,
107,,消除任何符石 (只計算首批消除的符石),108,4,虛之魔暴龍符,魔族,3,1 回合內，減少所受傷害 50%,1 回合內，隊伍攻擊力提升 15%,1 回合內，50% 的攻擊傷害無視指定形狀盾,1.0,,,1.0,,,,1.0,,,,,,,,,,,
108,,裝備此龍刻的召喚獸發動攻擊的次數,109,2,攻之神暴龍印,神族,3,1 回合內，所有成員無視屬性相剋,1 回合內，隊伍攻擊力提升 20%,1 回合內，所受傷害不會使你死亡,1.0,,,,,,,,,1.0,,,,1.0,,,,,
109,,連擊 (Combo) 達 4 或以上,110,5,連之直流龍玉,妖精類,3,1 回合內，隊伍攻擊力及回復力提升 15%,完成龍刻脈動後，隨機把 1 直行的符石轉化為心符石,1 回合內，妖精類成員的攻擊力提升 50%,1.0,,,,,,1.0,,,,,,,,1.0,,,,
110,,連擊 (Combo) 達 4 或以上,111,5,連之王暴龍玉,人類,3,1 回合內，回復 50% 生命力,1 回合內，隊伍攻擊力提升 20%,隨機 3 個人類成員的技能 CD 減少 2,1.0,1.0,1.0,,,,,,,,,,,,,,,,
111,,消除任何符石 (只計算首批消除的符石),112,7,虛之狂暴龍璃,,1,1 回合內，隊伍攻擊力提升 10%,,,1.0,,,,,,,,,,,,,,,,,,
112,水,消除水符石 (只計算首批消除的符石),113,7,漩之威嚇龍璃,,2,1 回合內，水屬性成員的攻擊力提升 20%,延遲火屬性敵人行動 1 回合,,1.0,,,,,,,,,,,,1.0,,,,,,
113,火,消除火符石 (只計算首批消除的符石),114,7,煉之威嚇龍璃,,2,1 回合內，火屬性成員的攻擊力提升 20%,延遲木屬性敵人行動 1 回合,,1.0,,,,,,,,,,,,1.0,,,,,,
114,木,消除木符石 (只計算首批消除的符石),115,7,森之威嚇龍璃,,2,1 回合內，木屬性成員的攻擊力提升 20%,延遲水屬性敵人行動 1 回合,,1.0,,,,,,,,,,,,1.0,,,,,,
115,光,消除光符石 (只計算首批消除的符石),116,7,耀之威嚇龍璃,,2,1 回合內，光屬性成員的攻擊力提升 20%,延遲暗屬性敵人行動 1 回合,,1.0,,,,,,,,,,,,1.0,,,,,,
116,暗,消除暗符石 (只計算首批消除的符石),117,7,影之威嚇龍璃,,2,1 回合內，暗屬性成員的攻擊力提升 20%,延遲光屬性敵人行動 1 回合,,1.0,,,,,,,,,,,,1.0,,,,,,
117,,連擊 (Combo) 達 4 或以上,118,7,連之玲瓏龍璃,神族,3,1 回合內，隊伍攻擊力提升 15%,1 回合內，隊伍攻擊力及回復力提升 20%,隨機 2 個神族成員的技能 CD 減少 2,1.0,,1.0,,,,1.0,,,,,,,,,,,,
118,,連擊 (Combo) 達 4 或以上,119,7,連之屏息龍璃,,3,1 回合內，隊伍攻擊力提升 10%,1 回合內，回復 50% 生命力,完成龍刻脈動後，將場上數量最多的 1 種符石轉化為心符石,1.0,1.0,,,,,,,,,,,,,1.0,,,,
119,,消除任何符石 (只計算首批消除的符石),120,7,虛之魔暴龍璃,魔族,3,1 回合內，減少所受傷害 50%,1 回合內，隊伍攻擊力提升 20%,1 回合內，隊伍攻擊力及回復力提升 20%,1.0,,,,,,1.0,1.0,,,,,,,,,,,
120,暗,消除暗符石 (只計算首批消除的符石),121,1,影之狂暴龍紋,,3,隨機 3 個暗屬性成員的技能 CD 減少 2,1 回合內，暗屬性成員的攻擊力提升 30%,1 回合內，回復 12000 點生命力,1.0,1.0,1.0,,,,,,,,,,,,,,,,
121,水,消除水符石 (只計算首批消除的符石),122,3,漩之圖騰龍咒,,3,1 回合內，隊伍攻擊力提升 15%,1 回合內，50% 的攻擊傷害無視指定形狀盾,1 回合內，攻擊力提升 15%，所有成員無視屬性相剋,1.0,,,1.0,,,,,,1.0,,,,,,,,,
122,,裝備此龍刻的召喚獸發動攻擊的次數,123,7,攻之魔暴龍璃,魔族,3,1 回合內，魔族成員的攻擊力提升 15%,1 回合內，隊伍攻擊力提升 15%,延遲全體敵人行動 1 回合,1.0,,,,,,,,,,,,1.0,,,,,,
123,木,消除木符石 (只計算首批消除的符石),124,7,森之狂暴龍璃,,3,1 回合內，隊伍攻擊力提升 15%,1 回合內，攻擊力提升 15%，所有成員無視屬性相剋,1 回合內，回復 50% 生命力,1.0,1.0,,,,,,,,1.0,,,,,,,,,
124,火,消除火符石 (只計算首批消除的符石),125,4,煉之狂暴龍符,,3,1 回合內，隊伍攻擊力提升 15%,1 回合內，攻擊力提升 15%，所有成員無視屬性相剋,1 回合內，回復 50% 生命力,1.0,1.0,,,,,,,,1.0,,,,,,,,,
125,光,消除光符石 (只計算首批消除的符石),126,1,耀之威嚇龍紋,,3,完成龍刻脈動後，將場上數量最多的 1 種符石轉化為光符石,延遲全體敵人行動 1 回合,1 回合內，回復 50% 生命力,,1.0,,,,,,,,,,,1.0,,1.0,,,,
126,光,消除任何符石 (只計算首批消除的符石),127,7,耀之圖騰龍璃,,3,1 回合內，單體攻擊轉化為全體攻擊,1 回合內，50% 的攻擊傷害無視指定形狀盾,1 回合內，隊伍攻擊力提升 20%,1.0,,,1.0,,,,,,,,1.0,,,,,,,
127,火,連擊 (Combo) 達 4 或以上,128,3,煉之加冕龍咒,,3,隨機 2 個火成員的技能 CD 減少 2,完成龍刻脈動後，將場上的火符石轉化為火強化符石,1 回合內，火屬性成員的攻擊力提升 30%,1.0,,1.0,,,,,,,,,,,,1.0,,,,
128,木,連擊 (Combo) 達 4 或以上,129,1,森之加冕龍紋,,3,隨機 2 個木成員的技能 CD 減少 2,完成龍刻脈動後，將場上的木符石轉化為木強化符石,1 回合內，木屬性成員的攻擊力提升 30%,1.0,,1.0,,,,,,,,,,,,1.0,,,,
129,,消除任何符石 (只計算首批消除的符石),130,2,虛之屏息龍印,,3,1 回合內，回復 8000 點生命力,1 回合內，隊伍攻擊力提升 10%,1 回合內，攻擊力提升 20%，所有成員無視屬性相剋,1.0,1.0,,,,,,,,1.0,,,,,,,,,
130,水,消除水符石 (只計算首批消除的符石),131,4,漩之破甲龍符,,3,隨機 2 個水屬性成員的技能 CD 減少 2,1 回合內，敵人全體的防禦力減少 80%,1 回合內，水屬性成員的攻擊力提升 30%,1.0,,1.0,,,,,,,,,,,,,,,,
131,火,消除火符石 (只計算首批消除的符石),132,7,煉之狂暴龍璃,,3,1 回合內，回復 75% 生命力,1 回合內，隊伍攻擊力提升 10%,1 回合內，火屬性成員以 20% 的攻擊力追打火屬性攻擊 1 次,1.0,1.0,,,,,,,,,,,,,,,1.0,,
132,,消除心符石 (只計算首批消除的符石),133,3,虛之妖療龍咒,妖精類,3,1 回合內，對單一敵人造成 35000 點火屬性傷害，此傷害無視防禦力,1 回合內，妖精類成員的回復力提升 100%,完成龍刻脈動後，將場上的木符石轉化為心符石,,,,,,,1.0,,1.0,,,,,,1.0,,,1.0,
133,,連擊 (Combo) 達 4 或以上,134,1,連之神盾龍紋,神族,3,1 回合內，神族成員的攻擊力提升 10%,1 回合內，減少所受傷害 80%,1 回合內，隊伍攻擊力提升 20%,1.0,,,,,,,1.0,,,,,,,,,,,
134,,消除任何符石 (只計算首批消除的符石),135,7,虛之越時龍璃,龍類,3,1 回合內，敵人全體的防禦力減少 80%,隨機 4 個龍類成員的技能 CD 減少 2,1 回合內，龍類成員的攻擊力提升 20%,1.0,,1.0,,,,,,,,,,,,,,,,
135,,消除任何符石 (只計算首批消除的符石),136,4,虛之圖騰龍符,獸類,3,1 回合內，攻擊力提升 15%，所有成員無視屬性相剋,1 回合內，50% 的攻擊傷害無視指定形狀盾,1 回合內，所受傷害不會使你死亡,1.0,,,1.0,,,,,,1.0,,,,1.0,,,,,
136,,裝備此龍刻的召喚獸發動攻擊的次數,137,3,攻之狂暴龍咒,,3,完成龍刻脈動後，將場上數量最多的 1 種符石轉化為心符石,1 回合內，隊伍攻擊力提升 15%,1 回合內，40% 的攻擊傷害無視攻前盾,1.0,,,,,1.0,,,,,,,,,1.0,,,,
137,暗,消除暗符石 (只計算首批消除的符石),138,1,影之王暴龍紋,人類,3,1 回合內，減少所受傷害 50%,1 回合內，人類成員的攻擊力提升 30%,1 回合內，對單一敵人造成 35000 點暗屬性傷害，此傷害無視防禦力,1.0,,,,,,,1.0,1.0,,,,,,,,,1.0,
138,木,消除木符石 (只計算首批消除的符石),139,4,森之玲瓏龍符,,3,完成龍刻脈動後，隨機把 1 直行的符石轉化為木符石,1 回合內，隊伍攻擊力及回復力提升 20%,1 回合內，40% 的攻擊傷害無視五屬盾,1.0,,,,1.0,,1.0,,,,,,,,1.0,,,,
139,暗,消除暗符石 (只計算首批消除的符石),140,1,影之衝鋒龍紋,魔族,3,1 回合內，暗屬性成員的攻擊力提升 10%,1 回合內，30% 的攻擊傷害無視攻前盾,1 回合內，魔族成員的攻擊力提升 40%,1.0,,,,,1.0,,,,,,,,,,,,,
140,木,連擊 (Combo) 達 4 或以上,141,7,森之魔暴龍璃,魔族,3,隨機 3 個魔族成員的技能 CD 減少 2,1 回合內，魔族成員的攻擊力提升 30%,1 回合內，回復 90% 生命力,1.0,1.0,1.0,,,,,,,,,,,,,,,,
141,光,連擊 (Combo) 達 4 或以上 ,142,7,耀之王暴龍璃,人類,3,隨機 3 個人類成員的技能 CD 減少 2,1 回合內，人類成員的攻擊力提升 30%,1 回合內，回復 90% 生命力 ,1.0,1.0,1.0,,,,,,,,,,,,,,,,
142,,消除任何符石 (只計算首批消除的符石),143,4,虛之妖暴龍符,妖精類,3,1 回合內，隊伍攻擊力提升 15%，所有成員無視屬性相剋,1 回合內，妖精類成員的攻擊力提升 40%,延遲全體敵人行動 1 回合 ,1.0,,,,,,,,,1.0,,,1.0,,,,,,
143,,裝備此龍刻的召喚獸發動攻擊的次數,144,4,攻之屏息龍符,,3,1 回合內，減少所受傷害 50%,1 回合內，回復 80% 生命力,完成龍刻脈動後，隨機把 3 直行的符石轉化為心符石,,1.0,,,,,,1.0,,,,,,,1.0,,,,
144,火,消除火符石 (只計算首批消除的符石),145,1,煉之魔暴龍紋,魔族,3,1 回合內，以所受傷害 30 倍對敵方全體進行無屬性反擊,1 回合內，魔族成員的攻擊力提升 50%,1 回合內，無視指定形狀盾,1.0,,,1.0,,,,,,,,,,,,,,,1.0
145,暗,消除暗符石 (只計算首批消除的符石),146,3,影之直流龍咒,,3,1 回合內，暗屬性成員的攻擊力提升 20%,完成龍刻脈動後，隨機把 2 直行的符石轉化為暗符石,1 回合內，無視五屬盾,1.0,,,,1.0,,,,,,,,,,1.0,,,,
146,,裝備此龍刻的召喚獸發動攻擊的次數,147,2,攻之狂暴龍印,,3,1 回合內，敵方所受傷害的 10% 轉化為我方生命力，最大為生命力等值的50% (傷害轉化效果不能疊加，並不計算主動及隊長技傷害),1 回合內，攻擊力提升 30%，所有成員無視屬性相剋,延遲全體敵人行動 2 回合,1.0,,,,,,,,,1.0,1.0,,1.0,,,,,,
147,,消除任何符石 (只計算首批消除的符石),148,4,虛之復生龍符,神族,3,1 回合內，隊伍攻擊力提升 20%,1 回合內，完全回復生命力,隨機 4 個神族成員的技能 CD 減少 2,1.0,1.0,1.0,,,,,,,,,,,,,,,,
148,,連擊 (Combo) 達 4 或以上,149,7,連之越時龍璃,人類,3,1 回合內，回復 12000 點生命力,隨機 3 個人類成員的技能 CD 減少 2,1 回合內，隊伍攻擊力及回復力提升 30%,1.0,1.0,1.0,,,,1.0,,,,,,,,,,,,
149,水,消除水符石 (只計算首批消除的符石),150,3,漩之邃矚龍咒,,3,1 回合內，所有成員無視屬性相剋,1 回合內，隊伍攻擊力提升 20%,完成龍刻脈動後，隨機把 2 直行的符石轉化為水符石,1.0,,,,,,,,,1.0,,,,,1.0,,,,
150,火,消除火符石 (只計算首批消除的符石),151,7,煉之邃矚龍璃,,3,1 回合內，所有成員無視屬性相剋,1 回合內，隊伍攻擊力提升 20%,完成龍刻脈動後，隨機把 2 直行的符石轉化為火符石,1.0,,,,,,,,,1.0,,,,,1.0,,,,
151,木,消除木符石 (只計算首批消除的符石),152,1,森之邃矚龍紋,,3,1 回合內，所有成員無視屬性相剋,1 回合內，隊伍攻擊力提升 20%,隨機 3 個龍類成員的技能 CD 減少 2,1.0,,1.0,,,,,,,1.0,,,,,,,,,
152,光,消除光符石 (只計算首批消除的符石),153,2,耀之靈巧龍印,,3,1 回合內，迴避暗屬性敵人的攻擊,1 回合內，隊伍攻擊力提升 20%,完成龍刻脈動後，隨機把 2 直行的符石轉化為光符石,1.0,,,,,,,,,,,,,,1.0,1.0,,,
153,暗,消除暗符石 (只計算首批消除的符石),154,4,影之靈巧龍符,,3,1 回合內，迴避光屬性敵人的攻擊,1 回合內，隊伍攻擊力提升 20%,隨機 3 個魔族成員的技能 CD 減少 2,1.0,,1.0,,,,,,,,,,,,,1.0,,,
154,,裝備此龍刻的召喚獸發動攻擊的次數,155,1,攻之屏息龍紋,人類,3,1 回合內，隊伍回復力提升 75%,1 回合內，人類成員的攻擊力提升 30%,延遲全體敵人行動 1 回合,1.0,,,,,,1.0,,,,,,1.0,,,,,,
155,,連擊 (Combo) 達 4 或以上,156,7,連之神暴龍璃,神族,3,隨機 3 個神族成員的技能 CD 減少 2,1 回合內，神族成員的攻擊力提升 30%,1 回合內，減少所受傷害 80%,1.0,,1.0,,,,,1.0,,,,,,,,,,,
156,,裝備此龍刻的召喚獸發動攻擊的次數,157,3,攻之魔暴龍咒,魔族,3,完成龍刻脈動後，將場上數量最多的 1 種符石轉化為火符石,1 回合內，魔族成員的攻擊力提升 30%,1 回合內，所受傷害不會使你死亡,1.0,,,,,,,,,,,,,1.0,1.0,,,,
157,,消除任何符石 (只計算首批消除的符石),158,4,虛之妖療龍符,妖精類,3,1 回合內，敵人全體的防禦力減少 80%,1 回合內，妖精類成員的回復力提升 30%,隨機 3 個妖精類成員的技能 CD 減少 2,,,1.0,,,,1.0,,,,,,,,,,,,
158,,連擊 (Combo) 達 4 或以上,159,3,連之獸暴龍咒,獸類,3,1 回合內，敵人全體的防禦力減少 80%,1 回合內，獸類成員的攻擊力提升 30%,隨機 3 個獸類成員的技能 CD 減少 2,1.0,,1.0,,,,,,,,,,,,,,,,
159,,消除任何符石 (只計算首批消除的符石),160,2,虛之龍暴龍印,龍類,3,完成龍刻脈動後，將場上數量最多的 1 種符石轉化為木符石,1 回合內，龍類成員的攻擊力提升 30%,1 回合內，無視五屬盾,1.0,,,,1.0,,,,,,,,,,1.0,,,,
160,火,消除火符石 (只計算首批消除的符石),161,3,煉之王暴龍咒,人類,3,1 回合內，回復 12000 點生命力,1 回合內，隊伍攻擊力提升 20%,完成龍刻脈動後，隨機把 3 直行的符石轉化為火符石,1.0,1.0,,,,,,,,,,,,,1.0,,,,
161,,消除任何符石 (只計算首批消除的符石),162,3,虛之屏息龍咒,,3,1 回合內，隊伍攻擊力提升 20%,1 回合內，隊伍回復力提升 30%,1 回合內，所有成員無視屬性相剋,1.0,,,,,,1.0,,,1.0,,,,,,,,,
162,,連擊 (Combo) 達 4 或以上,163,3,連之越時龍咒,龍類,3,完成龍刻脈動後，將場上數量最多的一種符石轉化為暗符石,隨機 3 個龍類成員的技能 CD 減少 2,1 回合內，無視五屬盾,,,1.0,,1.0,,,,,,,,,,1.0,,,,
163,,裝備此龍刻的召喚獸發動攻擊的次數,164,2,攻之魔暴龍印,魔族,3,1 回合內，敵人全體的防禦力減少 80%,1 回合內，魔族成員的攻擊力提升 30%,1 回合內，所受傷害不會使你死亡,1.0,,,,,,,,,,,,,1.0,,,,,
164,木,消除木符石 (只計算首批消除的符石),165,7,森之神暴龍璃,神族,3,隨機 2 個木成員的技能 CD 減少 2,1 回合內，神族成員的攻擊力提升 30%,1 回合內，40% 的攻擊傷害無視五屬盾,1.0,,1.0,,1.0,,,,,,,,,,,,,,
165,,裝備此龍刻的召喚獸發動攻擊的次數,166,4,攻之越時龍符,人類,3,完成龍刻脈動後，將場上數量最多的一種符石轉化為光符石,隨機 3 個人類成員的技能 CD 減少 2,1 回合內，人類成員的攻擊力提升 50%,1.0,,1.0,,,,,,,,,,,,1.0,,,,
166,光,召喚獸受到攻擊次數,167,2,耀之龍暴龍印,龍類,3,隨機 2 個龍類成員的技能 CD 減少 2,1 回合內，龍類成員的攻擊力提升 50%,完成龍刻脈動後，隨機把 3 直行的符石轉化為光符石,1.0,,1.0,,,,,,,,,,,,1.0,,,,
167,,連擊 (Combo) 達 4 或以上,168,7,連之邃矚龍璃,獸類,3,1 回合內，所有成員無視屬性相剋,隨機 3 個獸類成員的技能 CD 減少 2,1 回合內，獸類成員的攻擊力提升 50%,1.0,,1.0,,,,,,,1.0,,,,,,,,,
168,暗,消除心符石 (只計算首批消除的符石),169,4,影之鐵壁龍符,妖精類,3,完成龍刻脈動後，將場上數量最多的一種符石轉化為心符石,1 回合內，減少所受傷害 80%,1 回合內，妖精類成員的攻擊力提升 50%,1.0,,,,,,,1.0,,,,,,,1.0,,,,
169,水,消除任何符石 (只計算首批消除的符石),170,1,漩之獸暴龍紋,獸類,3,1 回合內，迴避木屬性敵人的攻擊,1 回合內，獸類成員的攻擊力提升 30%,1 回合內，無視指定形狀盾,1.0,,,1.0,,,,,,,,,,,,1.0,,,
170,,消除任何符石 (只計算首批消除的符石),171,8,虛之狂暴龍結,,1,1 回合內，隊伍攻擊力提升 10%,,,1.0,,,,,,,,,,,,,,,,,,
171,,發動攻擊次數,172,8,攻之鐵壁龍結,,2,1 回合內，隊伍攻擊力提升 15%,1 回合內，減少所受傷害 80%,,1.0,,,,,,,1.0,,,,,,,,,,,
172,,消除任何符石 (只計算首批消除的符石),173,8,虛之屏息龍結,,2,1 回合內，隊伍攻擊力提升 15%,1 回合內，隊伍回復力提升 60%,,1.0,,,,,,1.0,,,,,,,,,,,,
173,,發動攻擊次數,174,8,攻之神暴龍結,神族,3,隨機 3 個神族成員的技能 CD 減少 2,1 回合內，隊伍攻擊力提升 20%,1 回合內，神族成員的攻擊力提升 50%,1.0,,1.0,,,,,,,,,,,,,,,,
174,水,消除水符石 (只計算首批消除的符石),175,8,漩之狂暴龍結,,3,完成龍刻脈動後，將場上數量最多的 1 種符石轉化為水符石,1 回合內，水屬性成員的攻擊力提升 30%,1 回合內，無視指定形狀盾,1.0,,,1.0,,,,,,,,,,,1.0,,,,
175,,4 連擊或以上,176,8,連之炮擊龍結,,2,1 回合內，隊伍攻擊力提升 15%,1 回合內，對全體敵人造成 25000 點無屬性傷害,,1.0,,,,,,,,1.0,,,,,,,,,,
176,光,消除光符石 (只計算首批消除的符石),177,8,耀之狂暴龍結,,3,完成龍刻脈動後，將場上數量最多的一種符石轉化為光符石,1 回合內，光屬性成員的攻擊力提升 30%,1 回合內，無視五屬盾,1.0,,,,1.0,,,,,,,,,,1.0,,,,
177,,4 連擊或以上,178,8,連之魔暴龍結,魔族,3,隨機 3 個魔族成員的技能 CD 減少 2,1 回合內，魔族成員的攻擊力提升 30%,1 回合內，無視攻前盾,1.0,,1.0,,,1.0,,,,,,,,,,,,,
178,,裝備此龍刻的召喚獸發動攻擊的次數,179,6,攻之玲瓏龍刃,,1,1 回合內，隊伍攻擊力及回復力提升 10%,,,1.0,,,,,,1.0,,,,,,,,,,,,
179,,連擊 (Combo) 達 4 或以上,180,6,連之王暴龍刃,,1,1 回合內，人類成員的攻擊力提升 20%,,,1.0,,,,,,,,,,,,,,,,,,
180,水,消除水符石 (只計算首批消除的符石),181,6,漩之越時龍刃,,2,1 回合內，水屬性成員的攻擊力提升 20%,隨機 3 個水成員的技能 CD 減少 2,,1.0,,1.0,,,,,,,,,,,,,,,,
181,火,消除火符石 (只計算首批消除的符石),182,6,煉之越時龍刃,,2,1 回合內，火屬性成員的攻擊力提升 20%,隨機 3 個火成員的技能 CD 減少 2,,1.0,,1.0,,,,,,,,,,,,,,,,
182,木,消除木符石 (只計算首批消除的符石),183,6,森之越時龍刃,,2,1 回合內，木屬性成員的攻擊力提升 20%,隨機 3 個木成員的技能 CD 減少 2,,1.0,,1.0,,,,,,,,,,,,,,,,
183,暗,消除暗符石 (只計算首批消除的符石),184,6,影之王暴龍刃,,3,完成龍刻脈動後，將場上數量最多的一種符石轉化為暗符石,1 回合內，人類成員的攻擊力提升 30%,1 回合內，40% 的攻擊傷害無視五屬盾,1.0,,,,1.0,,,,,,,,,,1.0,,,,
184,,裝備此龍刻的召喚獸發動攻擊的次數,185,6,攻之魔暴龍刃,魔族,3,1 回合內，所有成員無視屬性相剋,1 回合內，魔族成員的攻擊力提升 30%,1 回合內，所受傷害不會使你死亡,1.0,,,,,,,,,1.0,,,,1.0,,,,,
185,光,消除光符石 (只計算首批消除的符石),186,6,耀之直流龍刃,,3,隨機 3 個光成員的技能 CD 減少 2,完成龍刻脈動後，隨機把 2 直行的符石轉化為光符石,延遲全體敵人行動 1 回合,,,1.0,,,,,,,,,,1.0,,1.0,,,,
186,,連擊 (Combo) 達 4 或以上,187,6,連之幻變龍刃,龍類,3,完成龍刻脈動後，將場上數量最多的一種符石轉化為木符石,隨機 3 個龍類成員的技能 CD 減少 2,1 回合內，獸類成員的攻擊力提升 50%,1.0,,1.0,,,,,,,,,,,,1.0,,,,
187,,連擊 (Combo) 達 4 或以上,188,6,連之神暴龍刃,神族,3,1 回合內，回復 12000 點生命力,1 回合內，神族成員的攻擊力提升 30%,隨機 4 個神族成員的技能 CD 減少 2,1.0,1.0,1.0,,,,,,,,,,,,,,,,
188,,消除任何符石 (只計算首批消除的符石),189,6,虛之鐵壁龍刃,獸類,3,隨機 3 個獸類成員的技能 CD 減少 2,1 回合內，減少所受傷害 80%,完成龍刻脈動後，隨機把 3 直行的符石轉化為火符石,,,1.0,,,,,1.0,,,,,,,1.0,,,,
189,水,裝備此龍刻的召喚獸發動攻擊的次數,190,6,漩之王暴龍刃,,3,完成龍刻脈動後，將場上數量最多的一種符石轉化為水符石,1 回合內，人類成員的攻擊力提升 30%,1 回合內，無視攻前盾,1.0,,,,,1.0,,,,,,,,,1.0,,,,
190,水,消除水符石 (只計算首批消除的符石),191,2,漩之幻變龍印,,3,完成龍刻脈動後，將場上數量最多的一種符石轉化為水符石,1 回合內，水屬性成員的攻擊力提升 20%,隨機 3 個水成員的技能 CD 減少 2,1.0,,1.0,,,,,,,,,,,,1.0,,,,
191,水,裝備此龍刻的召喚獸發動攻擊的次數,192,4,漩之直流龍符,,3,1 回合內，所有成員無視屬性相剋,完成龍刻脈動後，隨機把 2 直行的符石轉化為水符石,1 回合內，無視五屬盾,,,,,1.0,,,,,1.0,,,,,1.0,,,,
192,火,消除火符石 (只計算首批消除的符石),193,3,煉之狂暴龍咒,,3,完成龍刻脈動後，將場上數量最多的一種符石轉化為火符石,1 回合內，火屬性成員的攻擊力提升 20%,隨機 3 個火成員的技能 CD 減少 2,1.0,,1.0,,,,,,,,,,,,1.0,,,,
193,火,連擊 (Combo) 達 4 或以上,194,3,煉之直流龍咒,,3,隨機 2 個火成員的技能 CD 減少 2,完成龍刻脈動後，隨機把 2 直行的符石轉化為火符石,1 回合內，所受傷害不會使你死亡,,,1.0,,,,,,,,,,,1.0,1.0,,,,
194,木,消除木符石 (只計算首批消除的符石),195,7,森之幻變龍璃,,3,完成龍刻脈動後，將場上數量最多的一種符石轉化為木符石,1 回合內，木屬性成員的攻擊力提升 20%,隨機 3 個木成員的技能 CD 減少 2,1.0,,1.0,,,,,,,,,,,,1.0,,,,
195,木,召喚獸受到攻擊次數,196,4,森之直流龍符,,3,1 回合內，敵人全體的防禦力減少 80%,完成龍刻脈動後，隨機把 2 直行的符石轉化為木符石,1 回合內，無視攻前盾,,,,,,1.0,,,,,,,,,1.0,,,,
196,光,消除光符石 (只計算首批消除的符石),197,1,耀之幻變龍紋,,3,完成龍刻脈動後，將場上數量最多的一種符石轉化為光符石,1 回合內，光屬性成員的攻擊力提升 20%,隨機 3 個光成員的技能 CD 減少 2,1.0,,1.0,,,,,,,,,,,,1.0,,,,
197,光,連擊 (Combo) 達 4 或以上,198,7,耀之直流龍璃,,3,1 回合內，回復 12000 點生命力,完成龍刻脈動後，隨機把 2 直行的符石轉化為光符石,延遲全體敵人行動 1 回合,,1.0,,,,,,,,,,,1.0,,1.0,,,,
198,暗,消除心符石 (只計算首批消除的符石),199,2,影之越時龍印,,3,完成龍刻脈動後，將場上數量最多的一種符石轉化為暗符石,1 回合內，暗屬性成員的攻擊力提升 20%,隨機 3 個暗成員的技能 CD 減少 2,1.0,,1.0,,,,,,,,,,,,1.0,,,,
199,暗,裝備此龍刻的召喚獸發動攻擊的次數,200,4,影之直流龍符,,3,1 回合內，對單一敵人造成 20000 點暗屬性傷害，此傷害無視防禦力,完成龍刻脈動後，隨機把 2 直行的符石轉化為暗符石,延遲全體敵人行動 1 回合,,,,,,,,,1.0,,,,1.0,,1.0,,,1.0,
200,火,消除火符石 (只計算首批消除的符石),201,1,煉之原色龍紋,人類,3,隨機 3 個火成員的技能 CD 減少 2,1 回合內，50% 的攻擊傷害無視五屬盾,1 回合內，人類成員的攻擊力提升 40%,1.0,,1.0,,1.0,,,,,,,,,,,,,,
201,暗,裝備此龍刻的召喚獸發動攻擊的次數,202,2,攻之獸暴龍印,獸類,3,隨機 3 個暗成員的技能 CD 減少 2,1 回合內，獸類成員的攻擊力提升 30%,1 回合內，敵方所受傷害的 5% 轉化為我方生命力，最大為生命力等值的50% (傷害轉化效果不能疊加，並不計算主動及隊長技傷害),1.0,,1.0,,,,,,,,1.0,,,,,,,,
202,水,消除水符石 (只計算首批消除的符石),203,3,漩之妖暴龍咒,妖精類,3,完成龍刻脈動後，將場上數量最多的一種符石轉化為水符石,1 回合內，妖精類成員的攻擊力提升 30%,1 回合內，所受傷害不會使你死亡,1.0,,,,,,,,,,,,,1.0,1.0,,,,
203,暗,消除暗符石 (只計算首批消除的符石),204,1,影之龍暴龍紋,龍類,3,完成龍刻脈動後，將場上數量最多的一種符石轉化為暗符石,1 回合內，龍類成員的攻擊力提升 30%,1 回合內，無視五屬盾,1.0,,,,1.0,,,,,,,,,,1.0,,,,
204,光,消除光符石 (只計算首批消除的符石),205,4,耀之圖騰龍符,神族,3,隨機 3 個光成員的技能 CD 減少 2,1 回合內，50% 的攻擊傷害無視指定形狀盾,1 回合內，神族成員的攻擊力提升 40%,1.0,,1.0,1.0,,,,,,,,,,,,,,,
205,木,消除任何符石 (只計算首批消除的符石),206,2,森之直流龍印,魔族,3,1 回合內，所有成員無視屬性相剋,完成龍刻脈動後，隨機把 2 直行的符石轉化為木符石,1 回合內，魔族成員的攻擊力提升 40%,1.0,,,,,,,,,1.0,,,,,1.0,,,,
206,,連擊 (Combo) 達 4 或以上,207,3,連之妖暴龍咒,妖精類,3,隨機 2 個妖精類成員的技能 CD 減少 2,1 回合內，妖精類成員的攻擊力提升 30%,1 回合內，無視五屬盾,1.0,,1.0,,1.0,,,,,,,,,,,,,,
207,,裝備此龍刻的召喚獸發動攻擊的次數,208,4,攻之妖暴龍符,妖精類,3,隨機 2 個妖精類成員的技能 CD 減少 2,1 回合內，妖精類成員的攻擊力提升 30%,1 回合內，無視指定形狀盾,1.0,,1.0,1.0,,,,,,,,,,,,,,,
208,,召喚獸受到攻擊次數,209,4,抵之越時龍符,妖精類,3,隨機 2 個妖精類成員的技能 CD 減少 2,1 回合內，妖精類成員的攻擊力提升 30%,1 回合內，無視攻前盾,1.0,,1.0,,,1.0,,,,,,,,,,,,,
209,,消除任何符石 (只計算首批消除的符石),210,2,虛之越時龍印,妖精類,3,完成龍刻脈動後，將場上數量最多的一種符石轉化為心符石,隨機 3 個妖精類成員的技能 CD 減少 2,延遲全體敵人行動 1 回合,,,1.0,,,,,,,,,,1.0,,1.0,,,,
210,,消除任何符石 (只計算首批消除的符石),211,7,虛之妖暴龍璃,妖精類,3,1 回合內，所有成員無視屬性相剋,1 回合內，妖精類成員的攻擊力提升 30%,完成龍刻脈動後，隨機把 3 直行的符石轉化為心符石,1.0,,,,,,,,,1.0,,,,,1.0,,,,
211,水,消除任何符石 (只計算首批消除的符石),212,1,漩之重炮龍紋,,3,1 回合內，水屬性成員的攻擊力提升 15%,1 回合內，對單一敵人造成 15000 點水屬性傷害，此傷害無視防禦力,1 回合內，所受傷害不會使你死亡,1.0,,,,,,,,1.0,,,,,1.0,,,,1.0,
212,水,消除水符石 (只計算首批消除的符石),213,2,漩之屏息龍印,,3,完成龍刻脈動後，將場上數量最多的 1 種符石轉化為水符石,1 回合內，隊伍回復力提升 15%,1 回合內，隊伍攻擊力提升 20%,1.0,,,,,,1.0,,,,,,,,1.0,,,,
213,水,裝備此龍刻的召喚獸發動攻擊的次數,214,3,漩之幻變龍咒,,3,1 回合內，減少所受傷害 50%,完成龍刻脈動後，將場上數量最多的 1 種符石轉化為水符石,隨機 3 個水成員的技能 CD 減少 1,,,1.0,,,,,1.0,,,,,,,1.0,,,,
214,水,消除任何符石 (只計算首批消除的符石),215,4,漩之狂暴龍符,,3,1 回合內，對全體敵人造成 12000 點無屬性傷害,1 回合內，水屬性成員的攻擊力提升 20%,延遲全體敵人行動 1 回合,1.0,,,,,,,,1.0,,,,1.0,,,,,,
215,水,連擊 (Combo) 達 4 或以上,216,7,漩之嗜血龍璃,,3,1 回合內，敵人全體的防禦力減少 80%,1 回合內，敵方所受傷害的 3% 轉化為我方生命力，最大為生命力等值的50% (傷害轉化效果不能疊加，並不計算主動及隊長技傷害),1 回合內，所有成員無視屬性相剋,,,,,,,,,,1.0,1.0,,,,,,,,
216,火,裝備此龍刻的召喚獸發動攻擊的次數,217,1,煉之嗜血龍紋,,3,1 回合內，敵人全體的防禦力減少 80%,1 回合內，敵方所受傷害的 3% 轉化為我方生命力，最大為生命力等值的50% (傷害轉化效果不能疊加，並不計算主動及隊長技傷害),1 回合內，所有成員無視屬性相剋,,,,,,,,,,1.0,1.0,,,,,,,,
217,火,消除任何符石 (只計算首批消除的符石),218,2,煉之重炮龍印,,3,1 回合內，火屬性成員的攻擊力提升 15%,1 回合內，對單一敵人造成 15000 點火屬性傷害，此傷害無視防禦力,1 回合內，所受傷害不會使你死亡,1.0,,,,,,,,1.0,,,,,1.0,,,,1.0,
218,火,消除任何符石 (只計算首批消除的符石),219,3,煉之幻變龍咒,,3,完成龍刻脈動後，將場上數量最多的 1 種符石轉化為火符石,1 回合內，隊伍回復力提升 15%,1 回合內，隊伍攻擊力提升 20%,1.0,,,,,,1.0,,,,,,,,1.0,,,,
219,火,連擊 (Combo) 達 4 或以上,220,4,煉之幻變龍符,,3,1 回合內，減少所受傷害 50%,完成龍刻脈動後，將場上數量最多的 1 種符石轉化為火符石,隨機 3 個火成員的技能 CD 減少 1,,,1.0,,,,,1.0,,,,,,,1.0,,,,
220,火,消除火符石 (只計算首批消除的符石),221,7,煉之炮擊龍璃,,3,1 回合內，對全體敵人造成 12000 點無屬性傷害,1 回合內，火屬性成員的攻擊力提升 20%,延遲全體敵人行動 1 回合,1.0,,,,,,,,1.0,,,,1.0,,,,,,
221,木,消除木符石 (只計算首批消除的符石),222,1,森之狂暴龍紋,,3,1 回合內，對全體敵人造成 12000 點無屬性傷害,1 回合內，木屬性成員的攻擊力提升 20%,延遲全體敵人行動 1 回合,1.0,,,,,,,,1.0,,,,1.0,,,,,,
222,木,消除任何符石 (只計算首批消除的符石),223,2,森之嗜血龍印,,3,1 回合內，敵人全體的防禦力減少 80%,1 回合內，敵方所受傷害的 3% 轉化為我方生命力，最大為生命力等值的50% (傷害轉化效果不能疊加，並不計算主動及隊長技傷害),1 回合內，所有成員無視屬性相剋,,,,,,,,,,1.0,1.0,,,,,,,,
223,木,裝備此龍刻的召喚獸發動攻擊的次數,224,3,森之重炮龍咒,,3,1 回合內，木屬性成員的攻擊力提升 15%,1 回合內，對單一敵人造成 15000 點木屬性傷害，此傷害無視防禦力,1 回合內，所受傷害不會使你死亡,1.0,,,,,,,,1.0,,,,,1.0,,,,1.0,
224,木,連擊 (Combo) 達 4 或以上,225,4,森之屏息龍符,,3,完成龍刻脈動後，將場上數量最多的 1 種符石轉化為木符石,1 回合內，隊伍回復力提升 15%,1 回合內，隊伍攻擊力提升 20%,1.0,,,,,,1.0,,,,,,,,1.0,,,,
225,木,消除任何符石 (只計算首批消除的符石),226,7,森之鐵壁龍璃,,3,1 回合內，減少所受傷害 50%,完成龍刻脈動後，將場上數量最多的 1 種符石轉化為木符石,隨機 3 個木成員的技能 CD 減少 1,,,1.0,,,,,1.0,,,,,,,1.0,,,,
226,光,消除任何符石 (只計算首批消除的符石),227,1,耀之鐵壁龍紋,,3,1 回合內，減少所受傷害 50%,完成龍刻脈動後，將場上數量最多的 1 種符石轉化為光符石,隨機 3 個光成員的技能 CD 減少 1,,,1.0,,,,,1.0,,,,,,,1.0,,,,
227,光,裝備此龍刻的召喚獸發動攻擊的次數,228,2,耀之炮擊龍印,,3,1 回合內，對全體敵人造成 12000 點無屬性傷害,1 回合內，光屬性成員的攻擊力提升 20%,延遲全體敵人行動 1 回合,1.0,,,,,,,,1.0,,,,1.0,,,,,,
228,光,連擊 (Combo) 達 4 或以上,229,3,耀之嗜血龍咒,,3,1 回合內，敵人全體的防禦力減少 80%,1 回合內，敵方所受傷害的 3% 轉化為我方生命力，最大為生命力等值的50% (傷害轉化效果不能疊加，並不計算主動及隊長技傷害),1 回合內，所有成員無視屬性相剋,,,,,,,,,,1.0,1.0,,,,,,,,
229,光,消除光符石 (只計算首批消除的符石),230,4,耀之重炮龍符,,3,1 回合內，光屬性成員的攻擊力提升 15%,1 回合內，對單一敵人造成 15000 點光屬性傷害，此傷害無視防禦力,1 回合內，所受傷害不會使你死亡,1.0,,,,,,,,1.0,,,,,1.0,,,,1.0,
230,光,消除任何符石 (只計算首批消除的符石),231,7,耀之屏息龍璃,,3,完成龍刻脈動後，將場上數量最多的 1 種符石轉化為光符石,1 回合內，隊伍回復力提升 15%,1 回合內，隊伍攻擊力提升 20%,1.0,,,,,,1.0,,,,,,,,1.0,,,,
231,暗,連擊 (Combo) 達 4 或以上,232,1,影之屏息龍紋,,3,完成龍刻脈動後，將場上數量最多的 1 種符石轉化為暗符石,1 回合內，隊伍回復力提升 15%,1 回合內，隊伍攻擊力提升 20%,1.0,,,,,,1.0,,,,,,,,1.0,,,,
232,暗,消除任何符石 (只計算首批消除的符石),233,2,影之屏息龍印,,3,1 回合內，減少所受傷害 50%,完成龍刻脈動後，將場上數量最多的 1 種符石轉化為暗符石,1 回合內，回復 50% 生命力,,1.0,,,,,,1.0,,,,,,,1.0,,,,
233,暗,消除暗符石 (只計算首批消除的符石),234,3,影之炮擊龍咒,,3,1 回合內，對全體敵人造成 12000 點無屬性傷害,1 回合內，暗屬性成員的攻擊力提升 20%,延遲全體敵人行動 1 回合,1.0,,,,,,,,1.0,,,,1.0,,,,,,
234,暗,消除任何符石 (只計算首批消除的符石),235,4,影之破甲龍符,,3,1 回合內，敵人全體的防禦力減少 80%,1 回合內，敵方所受傷害的 3% 轉化為我方生命力，最大為生命力等值的50% (傷害轉化效果不能疊加，並不計算主動及隊長技傷害),1 回合內，所有成員無視屬性相剋,,,,,,,,,,1.0,1.0,,,,,,,,
235,暗,裝備此龍刻的召喚獸發動攻擊的次數,236,7,影之重炮龍璃,,3,1 回合內，暗屬性成員的攻擊力提升 15%,1 回合內，對單一敵人造成 15000 點暗屬性傷害，此傷害無視防禦力,1 回合內，所受傷害不會使你死亡,1.0,,,,,,,,1.0,,,,,1.0,,,,1.0,
236,,裝備此龍刻的召喚獸發動攻擊的次數,237,8,攻之機暴龍結,,1,1 回合內，機械族成員的攻擊力提升 20%,,,1.0,,,,,,,,,,,,,,,,,,
237,,連擊 (Combo) 達 4 或以上,238,8,連之威嚇龍結,,2,1 回合內，隊伍攻擊力提升 15%,延遲暗屬性敵人行動 1 回合,,1.0,,,,,,,,,,,,1.0,,,,,,
238,,連擊 (Combo) 達 4 或以上,239,8,連之狂暴龍結,,2,1 回合內，隊伍攻擊力提升 15%,延遲光屬性敵人行動 1 回合,,1.0,,,,,,,,,,,,1.0,,,,,,
239,,消除任何符石 (只計算首批消除的符石),240,1,虛之機暴龍紋,機械族,3,隨機 2 個機械族成員的技能 CD 減少 2,1 回合內，機械族成員的攻擊力提升 30%,延遲全體敵人行動 1 回合,1.0,,1.0,,,,,,,,,,1.0,,,,,,
240,,裝備此龍刻的召喚獸發動攻擊的次數,241,3,攻之機暴龍咒,機械族,3,隨機 2 個機械族成員的技能 CD 減少 2,1 回合內，機械族成員的攻擊力提升 30%,1 回合內，無視攻前盾,1.0,,1.0,,,1.0,,,,,,,,,,,,,
241,,連擊 (Combo) 達 4 或以上,242,4,連之機暴龍符,機械族,3,隨機 2 個機械族成員的技能 CD 減少 2,1 回合內，機械族成員的攻擊力提升 30%,1 回合內，無視五屬盾,1.0,,1.0,,1.0,,,,,,,,,,,,,,
242,,消除任何符石 (只計算首批消除的符石),243,7,虛之機暴龍璃,機械族,3,隨機 2 個機械族成員的技能 CD 減少 2,1 回合內，機械族成員的攻擊力提升 30%,1 回合內，無視指定形狀盾,1.0,,1.0,1.0,,,,,,,,,,,,,,,
243,,裝備此龍刻的召喚獸發動攻擊的次數,244,2,攻之機暴龍印,機械族,3,隨機 2 個機械族成員的技能 CD 減少 2,1 回合內，機械族成員的攻擊力提升 30%,1 回合內，所受傷害不會使你死亡,1.0,,1.0,,,,,,,,,,,1.0,,,,,
244,,連擊 (Combo) 達 4 或以上,245,8,連之機暴龍結,機械族,3,隨機 2 個機械族成員的技能 CD 減少 2,1 回合內，機械族成員的攻擊力提升 30%,1 回合內，所有成員無視屬性相剋,1.0,,1.0,,,,,,,1.0,,,,,,,,,
245,,消除任何符石 (只計算首批消除的符石),246,9,虛之狂暴龍丸,,1,1 回合內，隊伍攻擊力提升 10%,,,1.0,,,,,,,,,,,,,,,,,,
246,水,消除水符石 (只計算首批消除的符石),247,9,漩之屏息龍丸,,2,1 回合內，水屬性成員的攻擊力提升 15%,1 回合內，隊伍回復力提升 30%,,1.0,,,,,,1.0,,,,,,,,,,,,
247,火,消除火符石 (只計算首批消除的符石),248,9,煉之屏息龍丸,,2,1 回合內，火屬性成員的攻擊力提升 15%,1 回合內，隊伍回復力提升 30%,,1.0,,,,,,1.0,,,,,,,,,,,,
248,木,消除木符石 (只計算首批消除的符石),249,9,森之屏息龍丸,,2,1 回合內，木屬性成員的攻擊力提升 15%,1 回合內，隊伍回復力提升 30%,,1.0,,,,,,1.0,,,,,,,,,,,,
249,光,消除光符石 (只計算首批消除的符石),250,9,耀之屏息龍丸,,2,1 回合內，光屬性成員的攻擊力提升 15%,1 回合內，隊伍回復力提升 30%,,1.0,,,,,,1.0,,,,,,,,,,,,
250,暗,消除暗符石 (只計算首批消除的符石),251,9,影之屏息龍丸,,2,1 回合內，暗屬性成員的攻擊力提升 15%,1 回合內，隊伍回復力提升 30%,,1.0,,,,,,1.0,,,,,,,,,,,,
251,,連擊 (Combo) 達 4 或以上,252,9,連之屏息龍丸,,3,1 回合內，隊伍攻擊力提升 15%,1 回合內，隊伍回復力提升 30%,延遲全體敵人行動 1 回合,1.0,,,,,,1.0,,,,,,1.0,,,,,,
252,,連擊 (Combo) 達 4 或以上,253,9,連之狂暴龍丸,,3,1 回合內，隊伍攻擊力提升 15%,1 回合內，隊伍回復力提升 30%,1 回合內，對全體敵人造成 100000 點無屬性傷害,1.0,,,,,,1.0,,1.0,,,,,,,,,,
253,水,消除水符石 (只計算首批消除的符石),254,9,漩之狂暴龍丸,,3,隨機 2 個水成員的技能 CD 減少 1,1 回合內，水屬性成員的攻擊力提升 25%,1 回合內，所有成員無視屬性相剋,1.0,,1.0,,,,,,,1.0,,,,,,,,,
254,火,消除火符石 (只計算首批消除的符石),255,9,煉之狂暴龍丸,,3,隨機 2 個火成員的技能 CD 減少 1,1 回合內，火屬性成員的攻擊力提升 25%,1 回合內，所有成員無視屬性相剋,1.0,,1.0,,,,,,,1.0,,,,,,,,,
255,木,消除木符石 (只計算首批消除的符石),256,9,森之狂暴龍丸,,3,隨機 2 個木成員的技能 CD 減少 1,1 回合內，木屬性成員的攻擊力提升 25%,1 回合內，所有成員無視屬性相剋,1.0,,1.0,,,,,,,1.0,,,,,,,,,
256,光,消除光符石 (只計算首批消除的符石),257,9,耀之狂暴龍丸,,3,隨機 2 個光成員的技能 CD 減少 1,1 回合內，光屬性成員的攻擊力提升 25%,1 回合內，回復 50% 生命力,1.0,1.0,1.0,,,,,,,,,,,,,,,,
257,暗,消除暗符石 (只計算首批消除的符石),258,9,影之狂暴龍丸,,3,隨機 2 個暗成員的技能 CD 減少 1,1 回合內，暗屬性成員的攻擊力提升 25%,1 回合內，敵方所受傷害的 3% 轉化為我方生命力，最大為生命力等值的50% (傷害轉化效果不能疊加，並不計算主動及隊長技傷害),1.0,,1.0,,,,,,,,1.0,,,,,,,,
258,,裝備此龍刻的召喚獸發動攻擊的次數,259,9,連之越時龍丸,神族,3,1 回合內，神族成員的攻擊力提升 20%,隨機 3 個神族成員的技能 CD 減少 2,1 回合內，對全體敵人造成 100000 點無屬性傷害,1.0,,1.0,,,,,,1.0,,,,,,,,,,
259,,消除任何符石 (只計算首批消除的符石),260,9,虛之越時龍丸,魔族,3,1 回合內，魔族成員的攻擊力提升 20%,隨機 3 個魔族成員的技能 CD 減少 2,1 回合內，所受傷害不會使你死亡,1.0,,1.0,,,,,,,,,,,1.0,,,,,
260,,裝備此龍刻的召喚獸發動攻擊的次數,261,9,連之王暴龍丸,人類,3,1 回合內，人類成員的攻擊力提升 20%,隨機 3 個人類成員的技能 CD 減少 2,延遲全體敵人行動 1 回合,1.0,,1.0,,,,,,,,,,1.0,,,,,,
261,,消除任何符石 (只計算首批消除的符石),262,9,虛之獸暴龍丸,獸類,3,1 回合內，獸類成員的攻擊力提升 20%,隨機 3 個獸類成員的技能 CD 減少 2,1 回合內，敵方所受傷害的 5% 轉化為我方生命力，最大為生命力等值的50% (傷害轉化效果不能疊加，並不計算主動及隊長技傷害),1.0,,1.0,,,,,,,,1.0,,,,,,,,
262,,裝備此龍刻的召喚獸發動攻擊的次數,263,9,連之龍暴龍丸,龍類,3,1 回合內，龍類成員的攻擊力提升 20%,隨機 3 個龍類成員的技能 CD 減少 2,1 回合內，所有成員無視屬性相剋,1.0,,1.0,,,,,,,1.0,,,,,,,,,
263,,消除任何符石 (只計算首批消除的符石),264,9,虛之妖暴龍丸,妖精類,3,1 回合內，妖精類成員的攻擊力提升 20%,隨機 3 個妖精類成員的技能 CD 減少 2,1 回合內，無視五屬盾,1.0,,1.0,,1.0,,,,,,,,,,,,,,
264,,裝備此龍刻的召喚獸發動攻擊的次數,265,9,連之機暴龍丸,機械族,3,1 回合內，機械族成員的攻擊力提升 20%,隨機 3 個機械族成員的技能 CD 減少 2,1 回合內，無視指定形狀盾,1.0,,1.0,1.0,,,,,,,,,,,,,,,
265,火,裝備此龍刻的召喚獸發動攻擊的次數,266,9,煉之機暴龍丸,機械族,3,完成龍刻脈動後，將場上數量最多的 1 種符石轉化為火符石,1 回合內，機械族成員的攻擊力提升 30%,隨機 4 個機械族成員的技能 CD 減少 2,1.0,,1.0,,,,,,,,,,,,1.0,,,,
266,木,裝備此龍刻的召喚獸發動攻擊的次數,267,9,森之機暴龍丸,機械族,3,1 回合內，敵人全體的防禦力減少 80%,1 回合內，機械族成員的攻擊力提升 30%,完成龍刻脈動後，隨機把 3 直行的符石轉化為木符石,1.0,,,,,,,,,,,,,,1.0,,,,
267,水,消除水符石 (只計算首批消除的符石),268,1,漩之魔暴龍紋,魔族,3,1 回合內，所有成員無視屬性相剋,1 回合內，魔族成員的攻擊力提升 35%,隨機 4 個魔族成員的技能 CD 減少 2,1.0,,1.0,,,,,,,1.0,,,,,,,,,
268,水,消除水符石 (只計算首批消除的符石),269,3,漩之王暴龍咒,人類,3,完成龍刻脈動後，將場上數量最多的 1 種符石轉化為水符石,1 回合內，人類成員的攻擊力提升 35%,1 回合內，回復 50% 生命力,1.0,1.0,,,,,,,,,,,,,1.0,,,,
269,水,消除水符石 (只計算首批消除的符石),270,2,漩之神暴龍印,神族,3,1 回合內，對單一敵人造成 35000 點水屬性傷害，此傷害無視防禦力,1 回合內，神族成員的攻擊力提升 35%,1 回合內，無視五屬盾,1.0,,,,1.0,,,,1.0,,,,,,,,,1.0,
270,水,消除水符石 (只計算首批消除的符石),271,4,漩之妖暴龍符,妖精類,3,1 回合內，迴避木屬性敵人的攻擊,1 回合內，妖精類成員的攻擊力提升 35%,隨機 4 個妖精類成員的技能 CD 減少 2,1.0,,1.0,,,,,,,,,,,,,1.0,,,
271,火,消除火符石 (只計算首批消除的符石),272,1,煉之妖暴龍紋,妖精類,3,1 回合內，所有成員無視屬性相剋,1 回合內，妖精類成員的攻擊力提升 35%,延遲全體敵人行動 1 回合,1.0,,,,,,,,,1.0,,,1.0,,,,,,
272,火,消除火符石 (只計算首批消除的符石),273,3,煉之龍暴龍咒,龍類,3,隨機 3 個火成員的技能 CD 減少 2,1 回合內，龍類成員的攻擊力提升 35%,1 回合內，回復 50% 生命力,1.0,1.0,1.0,,,,,,,,,,,,,,,,
273,火,消除火符石 (只計算首批消除的符石),274,7,煉之獸暴龍璃,獸類,3,完成龍刻脈動後，將場上數量最多的 1 種符石轉化為火符石,1 回合內，獸類成員的攻擊力提升 35%,隨機 4 個獸類成員的技能 CD 減少 2,1.0,,1.0,,,,,,,,,,,,1.0,,,,
274,木,消除木符石 (只計算首批消除的符石),275,1,森之獸暴龍紋,獸類,3,1 回合內，對單一敵人造成 35000 點木屬性傷害，此傷害無視防禦力,1 回合內，獸類成員的攻擊力提升 35%,1 回合內，無視五屬盾,1.0,,,,1.0,,,,1.0,,,,,,,,,1.0,
275,木,消除木符石 (只計算首批消除的符石),276,1,森之神暴龍紋,神族,3,隨機 3 個木成員的技能 CD 減少 2,1 回合內，神族成員的攻擊力提升 35%,1 回合內，所受傷害不會使你死亡,1.0,,1.0,,,,,,,,,,,1.0,,,,,
276,木,消除木符石 (只計算首批消除的符石),277,2,森之王暴龍印,人類,3,1 回合內，所有成員無視屬性相剋,1 回合內，人類成員的攻擊力提升 35%,1 回合內，敵方所受傷害的 5% 轉化為我方生命力，最大為生命力等值的50% (傷害轉化效果不能疊加，並不計算主動及隊長技傷害),1.0,,,,,,,,,1.0,1.0,,,,,,,,
277,木,消除木符石 (只計算首批消除的符石),278,4,森之妖暴龍符,妖精類,3,隨機 3 個木成員的技能 CD 減少 2,1 回合內，妖精類成員的攻擊力提升 35%,完成龍刻脈動後，隨機把 2 直行的符石轉化為木符石,1.0,,1.0,,,,,,,,,,,,1.0,,,,
278,光,消除光符石 (只計算首批消除的符石),279,1,耀之龍暴龍紋,龍類,3,隨機 3 個光成員的技能 CD 減少 2,1 回合內，龍類成員的攻擊力提升 35%,完成龍刻脈動後，隨機把 2 直行的符石轉化為光符石,1.0,,1.0,,,,,,,,,,,,1.0,,,,
279,光,消除光符石 (只計算首批消除的符石),280,3,耀之獸暴龍咒,獸類,3,1 回合內，敵人全體的防禦力減少 80%,1 回合內，獸類成員的攻擊力提升 35%,1 回合內，完全回復生命力,1.0,1.0,,,,,,,,,,,,,,,,,
280,光,消除光符石 (只計算首批消除的符石),281,7,耀之魔暴龍璃,魔族,3,完成龍刻脈動後，將場上數量最多的 1 種符石轉化為光符石,1 回合內，魔族成員的攻擊力提升 35%,1 回合內，無視攻前盾,1.0,,,,,1.0,,,,,,,,,1.0,,,,
281,光,消除光符石 (只計算首批消除的符石),282,4,耀之王暴龍符,人類,3,1 回合內，對單一敵人造成 35000 點光屬性傷害，此傷害無視防禦力,1 回合內，人類成員的攻擊力提升 35%,隨機 4 個人類成員的技能 CD 減少 2,1.0,,1.0,,,,,,1.0,,,,,,,,,1.0,
282,暗,消除暗符石 (只計算首批消除的符石),283,1,影之妖暴龍紋,妖精類,3,1 回合內，迴避水屬性敵人的攻擊,1 回合內，妖精類成員的攻擊力提升 35%,隨機 3 個妖精類成員的技能 CD 減少 2,1.0,,1.0,,,,,,,,,,,,,1.0,,,
283,暗,消除暗符石 (只計算首批消除的符石),284,3,影之神暴龍咒,神族,3,完成龍刻脈動後，將場上數量最多的 1 種符石轉化為暗符石,1 回合內，神族成員的攻擊力提升 35%,1 回合內，無視五屬盾,1.0,,,,1.0,,,,,,,,,,1.0,,,,
284,暗,消除暗符石 (只計算首批消除的符石),285,2,影之龍暴龍印,龍類,3,1 回合內，減少所受傷害 50%,1 回合內，龍類成員的攻擊力提升 35%,延遲全體敵人行動 1 回合,1.0,,,,,,,1.0,,,,,1.0,,,,,,
285,暗,消除暗符石 (只計算首批消除的符石),286,7,影之獸暴龍璃,獸類,3,隨機 3 個獸類成員的技能 CD 減少 2,1 回合內，獸類成員的攻擊力提升 35%,完成龍刻脈動後，隨機把 3 直行的符石轉化為暗符石,1.0,,1.0,,,,,,,,,,,,1.0,,,,
286,,消除任何符石 (只計算首批消除的符石),287,1,虛之炮擊龍紋,,3,1 回合內，隊伍攻擊力及回復力提升 15%,1 回合內，對全體敵人造成 25000 點無屬性傷害,隨機 3 個火成員的技能 CD 減少 2,1.0,,1.0,,,,1.0,,1.0,,,,,,,,,,
287,,消除任何符石 (只計算首批消除的符石),288,3,虛之炮擊龍咒,,3,1 回合內，隊伍攻擊力及回復力提升 15%,1 回合內，對全體敵人造成 25000 點無屬性傷害,隨機 3 個暗成員的技能 CD 減少 2,1.0,,1.0,,,,1.0,,1.0,,,,,,,,,,
288,,消除任何符石 (只計算首批消除的符石),289,2,虛之炮擊龍印,,3,1 回合內，隊伍攻擊力及回復力提升 15%,1 回合內，對全體敵人造成 25000 點無屬性傷害,隨機 3 個水成員的技能 CD 減少 2,1.0,,1.0,,,,1.0,,1.0,,,,,,,,,,
289,,消除任何符石 (只計算首批消除的符石),290,4,虛之炮擊龍符,,3,1 回合內，隊伍攻擊力及回復力提升 15%,1 回合內，對全體敵人造成 25000 點無屬性傷害,隨機 3 個木成員的技能 CD 減少 2,1.0,,1.0,,,,1.0,,1.0,,,,,,,,,,
290,,消除任何符石 (只計算首批消除的符石),291,6,虛之炮擊龍刃,,3,1 回合內，隊伍攻擊力及回復力提升 15%,1 回合內，對全體敵人造成 25000 點無屬性傷害,隨機 3 個光成員的技能 CD 減少 2,1.0,,1.0,,,,1.0,,1.0,,,,,,,,,,
291,,消除任何符石 (只計算首批消除的符石),292,9,虛之炮擊龍丸,,3,1 回合內，隊伍攻擊力及回復力提升 15%,1 回合內，對全體敵人造成 25000 點無屬性傷害,1 回合內，所有成員無視屬性相剋,1.0,,,,,,1.0,,1.0,1.0,,,,,,,,,
292,,裝備此龍刻的召喚獸發動攻擊的次數,293,1,攻之妖暴龍紋,,3,1 回合內，隊伍回復力提升 50%,1 回合內，妖精類成員的攻擊力提升 30%,隨機 3 個妖精類成員的技能 CD 減少 2,1.0,,1.0,,,,1.0,,,,,,,,,,,,
293,,裝備此龍刻的召喚獸發動攻擊的次數,294,3,攻之獸暴龍咒,,3,1 回合內，隊伍回復力提升 50%,1 回合內，獸類成員的攻擊力提升 30%,隨機 3 個獸類成員的技能 CD 減少 2,1.0,,1.0,,,,1.0,,,,,,,,,,,,
294,,裝備此龍刻的召喚獸發動攻擊的次數,295,2,攻之越時龍印,,3,1 回合內，隊伍回復力提升 50%,1 回合內，魔族成員的攻擊力提升 30%,隨機 3 個魔族成員的技能 CD 減少 2,1.0,,1.0,,,,1.0,,,,,,,,,,,,
295,,裝備此龍刻的召喚獸發動攻擊的次數,296,4,攻之神暴龍符,,3,1 回合內，隊伍回復力提升 50%,1 回合內，神族成員的攻擊力提升 30%,隨機 3 個神族成員的技能 CD 減少 2,1.0,,1.0,,,,1.0,,,,,,,,,,,,
296,,裝備此龍刻的召喚獸發動攻擊的次數,297,6,攻之王暴龍刃,,3,1 回合內，隊伍回復力提升 50%,1 回合內，人類成員的攻擊力提升 30%,隨機 3 個人類成員的技能 CD 減少 2,1.0,,1.0,,,,1.0,,,,,,,,,,,,
297,,裝備此龍刻的召喚獸發動攻擊的次數,298,9,攻之龍暴龍丸,,3,1 回合內，隊伍回復力提升 50%,1 回合內，龍類成員的攻擊力提升 30%,隨機 3 個龍類成員的技能 CD 減少 2,1.0,,1.0,,,,1.0,,,,,,,,,,,,
298,,連擊 (Combo) 達 4 或以上,299,1,連之幻變龍紋,,3,1 回合內，迴避水屬性敵人的攻擊,完成龍刻脈動後，將場上數量最多的 1 種符石轉化為木符石,隨機 3 個木成員的技能 CD 減少 2,,,1.0,,,,,,,,,,,,1.0,1.0,,,
299,,連擊 (Combo) 達 4 或以上,300,3,連之幻變龍咒,,3,1 回合內，迴避火屬性敵人的攻擊,完成龍刻脈動後，將場上數量最多的 1 種符石轉化為水符石,隨機 3 個水成員的技能 CD 減少 2,,,1.0,,,,,,,,,,,,1.0,1.0,,,
300,,連擊 (Combo) 達 4 或以上,301,2,連之幻變龍印,,3,1 回合內，迴避木屬性敵人的攻擊,完成龍刻脈動後，將場上數量最多的 1 種符石轉化為火符石,隨機 3 個火成員的技能 CD 減少 2,,,1.0,,,,,,,,,,,,1.0,1.0,,,
301,,連擊 (Combo) 達 4 或以上,302,4,連之幻變龍符,,3,1 回合內，迴避光屬性敵人的攻擊,完成龍刻脈動後，將場上數量最多的 1 種符石轉化為暗符石,隨機 3 個暗成員的技能 CD 減少 2,,,1.0,,,,,,,,,,,,1.0,1.0,,,
302,,連擊 (Combo) 達 4 或以上,303,6,連之靈巧龍刃,,3,1 回合內，迴避暗屬性敵人的攻擊,完成龍刻脈動後，將場上數量最多的 1 種符石轉化為光符石,隨機 3 個光成員的技能 CD 減少 2,,,1.0,,,,,,,,,,,,1.0,1.0,,,
303,,連擊 (Combo) 達 4 或以上,304,9,連之邃矚龍丸,,3,1 回合內，所有成員無視屬性相剋,1 回合內，隊伍攻擊力提升 20%,1 回合內，完全回復生命力,1.0,1.0,,,,,,,,1.0,,,,,,,,,
304,光,消除光符石 (只計算首批消除的符石),305,7,耀之越時龍璃,人類,3,隨機 3 個光成員的技能 CD 減少 2,1 回合內，人類成員的攻擊力提升 30%,1 回合內，無視攻前盾,1.0,,1.0,,,1.0,,,,,,,,,,,,,
305,暗,消除暗符石 (只計算首批消除的符石),306,9,影之越時龍丸,人類,3,完成龍刻脈動後，將場上數量最多的 1 種符石轉化為暗符石,隨機 3 個暗成員的技能 CD 減少 2,1 回合內，人類成員的攻擊力提升 40%,1.0,,1.0,,,,,,,,,,,,1.0,,,,
306,,裝備此龍刻的召喚獸發動攻擊的次數,307,10,攻之炮擊龍弦,,2,1 回合內，隊伍攻擊力提升 10%,1 回合內，對全體敵人造成 25000 點無屬性傷害,,1.0,,,,,,,,1.0,,,,,,,,,,
307,水,裝備此龍刻的召喚獸發動攻擊的次數,308,10,漩之屏息龍弦,,2,1 回合內，水屬性成員的攻擊力提升 15%,1 回合內，隊伍回復力提升 30%,,1.0,,,,,,1.0,,,,,,,,,,,,
308,火,裝備此龍刻的召喚獸發動攻擊的次數,309,10,煉之屏息龍弦,,2,1 回合內，火屬性成員的攻擊力提升 15%,1 回合內，隊伍回復力提升 30%,,1.0,,,,,,1.0,,,,,,,,,,,,
309,木,裝備此龍刻的召喚獸發動攻擊的次數,310,10,森之屏息龍弦,,2,1 回合內，木屬性成員的攻擊力提升 15%,1 回合內，隊伍回復力提升 30%,,1.0,,,,,,1.0,,,,,,,,,,,,
310,光,裝備此龍刻的召喚獸發動攻擊的次數,311,10,耀之屏息龍弦,,2,1 回合內，光屬性成員的攻擊力提升 15%,1 回合內，隊伍回復力提升 30%,,1.0,,,,,,1.0,,,,,,,,,,,,
311,暗,裝備此龍刻的召喚獸發動攻擊的次數,312,10,影之屏息龍弦,,2,1 回合內，暗屬性成員的攻擊力提升 15%,1 回合內，隊伍回復力提升 30%,,1.0,,,,,,1.0,,,,,,,,,,,,
312,,裝備此龍刻的召喚獸發動攻擊的次數,313,10,攻之狂暴龍弦,,2,1 回合內，隊伍攻擊力提升 10%,1 回合內，對全體敵人造成 25000 點無屬性傷害,,1.0,,,,,,,,1.0,,,,,,,,,,
313,水,裝備此龍刻的召喚獸發動攻擊的次數,314,10,漩之狂暴龍弦,,2,1 回合內，水屬性成員的攻擊力提升 15%,1 回合內，隊伍回復力提升 30%,,1.0,,,,,,1.0,,,,,,,,,,,,
314,火,裝備此龍刻的召喚獸發動攻擊的次數,315,10,煉之狂暴龍弦,,2,1 回合內，火屬性成員的攻擊力提升 15%,1 回合內，隊伍回復力提升 30%,,1.0,,,,,,1.0,,,,,,,,,,,,
315,木,裝備此龍刻的召喚獸發動攻擊的次數,316,10,森之狂暴龍弦,,2,1 回合內，木屬性成員的攻擊力提升 15%,1 回合內，隊伍回復力提升 30%,,1.0,,,,,,1.0,,,,,,,,,,,,
316,光,裝備此龍刻的召喚獸發動攻擊的次數,317,10,耀之狂暴龍弦,,2,1 回合內，光屬性成員的攻擊力提升 15%,1 回合內，隊伍回復力提升 30%,,1.0,,,,,,1.0,,,,,,,,,,,,
317,暗,裝備此龍刻的召喚獸發動攻擊的次數,318,10,影之狂暴龍弦,,2,1 回合內，暗屬性成員的攻擊力提升 15%,1 回合內，隊伍回復力提升 30%,,1.0,,,,,,1.0,,,,,,,,,,,,
318,水,裝備此龍刻的召喚獸發動攻擊的次數,319,10,漩之機暴龍弦,機械族,3,1 回合內，迴避木屬性敵人的攻擊,1 回合內，機械族成員的攻擊力提升 30%,1 回合內，無視五屬盾,1.0,,,,1.0,,,,,,,,,,,1.0,,,
319,火,裝備此龍刻的召喚獸發動攻擊的次數,320,10,煉之機暴龍弦,機械族,3,1 回合內，迴避水屬性敵人的攻擊,1 回合內，機械族成員的攻擊力提升 30%,1 回合內，無視指定形狀盾,1.0,,,1.0,,,,,,,,,,,,1.0,,,
320,木,裝備此龍刻的召喚獸發動攻擊的次數,321,10,森之機暴龍弦,機械族,3,隨機 3 個木成員的技能 CD 減少 2,1 回合內，機械族成員的攻擊力提升 30%,1 回合內，無視攻前盾,1.0,,1.0,,,1.0,,,,,,,,,,,,,
321,光,裝備此龍刻的召喚獸發動攻擊的次數,322,10,耀之直流龍弦,機械族,3,1 回合內，回復 80% 生命力,完成龍刻脈動後，隨機把 2 直行的符石轉化為光符石,延遲全體敵人行動 2 回合,,1.0,,,,,,,,,,,1.0,,1.0,,,,
322,暗,裝備此龍刻的召喚獸發動攻擊的次數,323,10,影之機暴龍弦,機械族,3,隨機 3 個暗成員的技能 CD 減少 2,1 回合內，機械族成員的攻擊力提升 30%,1 回合內，無視攻前盾,1.0,,1.0,,,1.0,,,,,,,,,,,,,
323,水,裝備此龍刻的召喚獸發動攻擊的次數,324,10,漩之靈巧龍弦,機械族,3,1 回合內，迴避木屬性敵人的攻擊,1 回合內，機械族成員的攻擊力提升 30%,1 回合內，無視五屬盾,1.0,,,,1.0,,,,,,,,,,,1.0,,,
324,火,裝備此龍刻的召喚獸發動攻擊的次數,325,10,煉之靈巧龍弦,機械族,3,1 回合內，迴避水屬性敵人的攻擊,1 回合內，機械族成員的攻擊力提升 30%,1 回合內，無視指定形狀盾,1.0,,,1.0,,,,,,,,,,,,1.0,,,
325,木,裝備此龍刻的召喚獸發動攻擊的次數,326,10,森之越時龍弦,機械族,3,隨機 3 個木成員的技能 CD 減少 2,1 回合內，機械族成員的攻擊力提升 30%,1 回合內，無視攻前盾,1.0,,1.0,,,1.0,,,,,,,,,,,,,
326,光,裝備此龍刻的召喚獸發動攻擊的次數,327,10,耀之威嚇龍弦,機械族,3,1 回合內，回復 80% 生命力,完成龍刻脈動後，隨機把 2 直行的符石轉化為光符石,延遲全體敵人行動 2 回合,,1.0,,,,,,,,,,,1.0,,1.0,,,,
327,暗,裝備此龍刻的召喚獸發動攻擊的次數,328,10,影之越時龍弦,機械族,3,隨機 3 個暗成員的技能 CD 減少 2,1 回合內，機械族成員的攻擊力提升 30%,1 回合內，無視攻前盾,1.0,,1.0,,,1.0,,,,,,,,,,,,,
328,,裝備此龍刻的召喚獸發動攻擊的次數,329,10,攻之玲瓏龍弦 I,,1,1 回合內，隊伍攻擊力及回復力提升 10%,,,1.0,,,,,,1.0,,,,,,,,,,,,
329,,裝備此龍刻的召喚獸發動攻擊的次數,330,10,攻之玲瓏龍弦 II,,1,1 回合內，隊伍攻擊力及回復力提升 10%,,,1.0,,,,,,1.0,,,,,,,,,,,,
330,水,消除水符石 (只計算首批消除的符石),331,9,漩之越時龍丸,神族,3,隨機 3 個水成員的技能 CD 減少 2,1 回合內，水屬性成員的攻擊力提升 25%,1 回合內，所有成員無視屬性相剋,1.0,,1.0,,,,,,,1.0,,,,,,,,,
331,水,消除水符石 (只計算首批消除的符石),332,7,漩之越時龍璃,神族,3,1 回合內，神族成員的攻擊力提升 20%,隨機 3 個神族成員的技能 CD 減少 2,1 回合內，敵方所受傷害的 3% 轉化為我方生命力，最大為生命力等值的50% (傷害轉化效果不能疊加，並不計算主動及隊長技傷害),1.0,,1.0,,,,,,,,1.0,,,,,,,,
332,水,消除水符石 (只計算首批消除的符石),333,4,漩之靈巧龍符,神族,3,1 回合內，迴避光屬性敵人的攻擊,完成龍刻脈動後，隨機把 2 直行的符石轉化為水符石,1 回合內，完全回復生命力,,1.0,,,,,,,,,,,,,1.0,1.0,,,
333,水,消除水符石 (只計算首批消除的符石),334,7,漩之衝鋒龍璃,魔族,3,隨機 3 個水成員的技能 CD 減少 2,1 回合內，水屬性成員的攻擊力提升 25%,1 回合內，無視攻前盾,1.0,,1.0,,,1.0,,,,,,,,,,,,,
334,水,消除水符石 (只計算首批消除的符石),335,2,漩之魔暴龍印,魔族,3,1 回合內，魔族成員的攻擊力提升 20%,隨機 3 個魔族成員的技能 CD 減少 2,延遲全體敵人行動 1 回合,1.0,,1.0,,,,,,,,,,1.0,,,,,,
335,水,消除水符石 (只計算首批消除的符石),336,9,漩之直流龍丸,魔族,3,1 回合內，迴避暗屬性敵人的攻擊,完成龍刻脈動後，隨機把 2 直行的符石轉化為水符石,1 回合內，完全回復生命力,,1.0,,,,,,,,,,,,,1.0,1.0,,,
336,水,消除水符石 (只計算首批消除的符石),337,3,漩之越時龍咒,人類,3,隨機 3 個水成員的技能 CD 減少 2,1 回合內，水屬性成員的攻擊力提升 25%,1 回合內，敵人全體的防禦力減少 90% ,1.0,,1.0,,,,,,,,,,,,,,,,
337,水,消除水符石 (只計算首批消除的符石),338,7,漩之王暴龍璃,人類,3,1 回合內，人類成員的攻擊力提升 20%,隨機 3 個人類成員的技能 CD 減少 2,1 回合內，所有成員無視屬性相剋,1.0,,1.0,,,,,,,1.0,,,,,,,,,
338,水,消除水符石 (只計算首批消除的符石),339,4,漩之靈巧龍符 II,人類,3,1 回合內，迴避火屬性敵人的攻擊,完成龍刻脈動後，隨機把 2 直行的符石轉化為水符石,1 回合內，完全回復生命力,,1.0,,,,,,,,,,,,,1.0,1.0,,,
339,水,消除水符石 (只計算首批消除的符石),340,2,漩之越時龍印,獸類,3,隨機 3 個水成員的技能 CD 減少 2,1 回合內，水屬性成員的攻擊力提升 25%,1 回合內，所受傷害不會使你死亡,1.0,,1.0,,,,,,,,,,,1.0,,,,,
340,水,消除水符石 (只計算首批消除的符石),341,9,漩之獸暴龍丸,獸類,3,1 回合內，獸類成員的攻擊力提升 20%,隨機 3 個獸類成員的技能 CD 減少 2,1 回合內，無視指定形狀盾,1.0,,1.0,1.0,,,,,,,,,,,,,,,
341,水,消除水符石 (只計算首批消除的符石),342,7,漩之直流龍璃,獸類,3,1 回合內，迴避木屬性敵人的攻擊,完成龍刻脈動後，隨機把 2 直行的符石轉化為水符石,1 回合內，完全回復生命力,,1.0,,,,,,,,,,,,,1.0,1.0,,,
342,水,消除水符石 (只計算首批消除的符石),343,3,漩之破甲龍咒,龍類,3,隨機 3 個水成員的技能 CD 減少 2,1 回合內，水屬性成員的攻擊力提升 25%,1 回合內，敵人全體的防禦力減少 90% ,1.0,,1.0,,,,,,,,,,,,,,,,
343,水,消除水符石 (只計算首批消除的符石),344,9,漩之龍暴龍丸,龍類,3,1 回合內，龍類成員的攻擊力提升 20%,隨機 3 個龍類成員的技能 CD 減少 2,1 回合內，無視五屬盾,1.0,,1.0,,1.0,,,,,,,,,,,,,,
344,水,消除水符石 (只計算首批消除的符石),345,4,漩之靈巧龍符 III,龍類,3,1 回合內，迴避水屬性敵人的攻擊,完成龍刻脈動後，隨機把 2 直行的符石轉化為水符石,1 回合內，完全回復生命力,,1.0,,,,,,,,,,,,,1.0,1.0,,,
345,水,消除水符石 (只計算首批消除的符石),346,1,漩之狂暴龍紋,妖精類,3,隨機 3 個水成員的技能 CD 減少 2,1 回合內，水屬性成員的攻擊力提升 25%,延遲全體敵人行動 1 回合,1.0,,1.0,,,,,,,,,,1.0,,,,,,
346,水,消除水符石 (只計算首批消除的符石),347,2,漩之妖暴龍印,妖精類,3,1 回合內，妖精類成員的攻擊力提升 20%,隨機 3 個妖精類成員的技能 CD 減少 2,1 回合內，無視指定形狀盾,1.0,,1.0,1.0,,,,,,,,,,,,,,,
347,水,消除水符石 (只計算首批消除的符石),348,7,漩之靈巧龍璃,妖精類,3,1 回合內，迴避暗屬性敵人的攻擊,完成龍刻脈動後，隨機把 2 直行的符石轉化為水符石,1 回合內，完全回復生命力,,1.0,,,,,,,,,,,,,1.0,1.0,,,
348,水,消除水符石 (只計算首批消除的符石),349,9,漩之衝鋒龍丸,機械族,3,隨機 3 個水成員的技能 CD 減少 2,1 回合內，水屬性成員的攻擊力提升 25%,1 回合內，無視攻前盾,1.0,,1.0,,,1.0,,,,,,,,,,,,,
349,水,消除水符石 (只計算首批消除的符石),350,1,漩之機暴龍紋,機械族,3,1 回合內，機械族成員的攻擊力提升 20%,隨機 3 個機械族成員的技能 CD 減少 2,延遲全體敵人行動 1 回合,1.0,,1.0,,,,,,,,,,1.0,,,,,,
350,水,消除水符石 (只計算首批消除的符石),351,4,漩之靈巧龍符 IV,機械族,3,1 回合內，迴避水屬性敵人的攻擊,完成龍刻脈動後，隨機把 2 直行的符石轉化為水符石,1 回合內，完全回復生命力,,1.0,,,,,,,,,,,,,1.0,1.0,,,
351,火,消除火符石 (只計算首批消除的符石),352,3,煉之越時龍咒,神族,3,隨機 3 個火成員的技能 CD 減少 2,1 回合內，火屬性成員的攻擊力提升 25%,1 回合內，所受傷害不會使你死亡,1.0,,1.0,,,,,,,,,,,1.0,,,,,
352,火,消除火符石 (只計算首批消除的符石),353,9,煉之越時龍丸,神族,3,1 回合內，神族成員的攻擊力提升 20%,隨機 3 個神族成員的技能 CD 減少 2,1 回合內，所有成員無視屬性相剋,1.0,,1.0,,,,,,,1.0,,,,,,,,,
353,火,消除火符石 (只計算首批消除的符石),354,2,煉之直流龍印,神族,3,1 回合內，迴避光屬性敵人的攻擊,完成龍刻脈動後，隨機把 2 直行的符石轉化為火符石,1 回合內，完全回復生命力,,1.0,,,,,,,,,,,,,1.0,1.0,,,
354,火,消除火符石 (只計算首批消除的符石),355,3,煉之威嚇龍咒,魔族,3,隨機 3 個火成員的技能 CD 減少 2,1 回合內，火屬性成員的攻擊力提升 25%,延遲全體敵人行動 1 回合,1.0,,1.0,,,,,,,,,,1.0,,,,,,
355,火,消除火符石 (只計算首批消除的符石),356,9,煉之魔暴龍丸,魔族,3,1 回合內，魔族成員的攻擊力提升 20%,隨機 3 個魔族成員的技能 CD 減少 2,1 回合內，無視攻前盾,1.0,,1.0,,,1.0,,,,,,,,,,,,,
356,火,消除火符石 (只計算首批消除的符石),357,4,煉之直流龍符,魔族,3,1 回合內，迴避木屬性敵人的攻擊,完成龍刻脈動後，隨機把 2 直行的符石轉化為火符石,1 回合內，敵人全體的防禦力減少 90% ,,,,,,,,,,,,,,,1.0,1.0,,,
357,火,消除火符石 (只計算首批消除的符石),358,1,煉之衝鋒龍紋,人類,3,隨機 3 個火成員的技能 CD 減少 2,1 回合內，火屬性成員的攻擊力提升 25%,1 回合內，無視攻前盾,1.0,,1.0,,,1.0,,,,,,,,,,,,,
358,火,消除火符石 (只計算首批消除的符石),359,7,煉之越時龍璃,人類,3,1 回合內，人類成員的攻擊力提升 20%,隨機 3 個人類成員的技能 CD 減少 2,1 回合內，無視指定形狀盾,1.0,,1.0,1.0,,,,,,,,,,,,,,,
359,火,消除火符石 (只計算首批消除的符石),360,9,煉之直流龍丸,人類,3,1 回合內，迴避火屬性敵人的攻擊,完成龍刻脈動後，隨機把 2 直行的符石轉化為火符石,1 回合內，完全回復生命力,,1.0,,,,,,,,,,,,,1.0,1.0,,,
360,火,消除火符石 (只計算首批消除的符石),361,3,煉之重炮龍咒,獸類,3,隨機 3 個火成員的技能 CD 減少 2,1 回合內，火屬性成員的攻擊力提升 25%,1 回合內，所有成員無視屬性相剋,1.0,,1.0,,,,,,,1.0,,,,,,,,,
361,火,消除火符石 (只計算首批消除的符石),362,2,煉之越時龍印,獸類,3,1 回合內，獸類成員的攻擊力提升 20%,隨機 3 個獸類成員的技能 CD 減少 2,1 回合內，所受傷害不會使你死亡,1.0,,1.0,,,,,,,,,,,1.0,,,,,
362,火,消除火符石 (只計算首批消除的符石),363,9,煉之靈巧龍丸,獸類,3,1 回合內，迴避水屬性敵人的攻擊,完成龍刻脈動後，隨機把 2 直行的符石轉化為火符石,1 回合內，完全回復生命力,,1.0,,,,,,,,,,,,,1.0,1.0,,,
363,火,消除火符石 (只計算首批消除的符石),364,7,煉之破甲龍璃,龍類,3,隨機 3 個火成員的技能 CD 減少 2,1 回合內，火屬性成員的攻擊力提升 25%,1 回合內，敵人全體的防禦力減少 90% ,1.0,,1.0,,,,,,,,,,,,,,,,
364,火,消除火符石 (只計算首批消除的符石),365,9,煉之龍暴龍丸,龍類,3,1 回合內，龍類成員的攻擊力提升 20%,隨機 3 個龍類成員的技能 CD 減少 2,1 回合內，無視攻前盾,1.0,,1.0,,,1.0,,,,,,,,,,,,,
365,火,消除火符石 (只計算首批消除的符石),366,4,煉之靈巧龍符,龍類,3,1 回合內，迴避火屬性敵人的攻擊,完成龍刻脈動後，隨機把 2 直行的符石轉化為火符石,1 回合內，完全回復生命力,,1.0,,,,,,,,,,,,,1.0,1.0,,,
366,火,消除火符石 (只計算首批消除的符石),367,3,煉之破甲龍咒,妖精類,3,隨機 3 個火成員的技能 CD 減少 2,1 回合內，火屬性成員的攻擊力提升 25%,1 回合內，敵人全體的防禦力減少 90% ,1.0,,1.0,,,,,,,,,,,,,,,,
367,火,消除火符石 (只計算首批消除的符石),368,9,煉之妖暴龍丸,妖精類,3,1 回合內，妖精類成員的攻擊力提升 20%,隨機 3 個妖精類成員的技能 CD 減少 2,1 回合內，無視指定形狀盾,1.0,,1.0,1.0,,,,,,,,,,,,,,,
368,火,消除火符石 (只計算首批消除的符石),369,1,煉之直流龍紋,妖精類,3,1 回合內，迴避暗屬性敵人的攻擊,完成龍刻脈動後，隨機把 2 直行的符石轉化為火符石,1 回合內，完全回復生命力,,1.0,,,,,,,,,,,,,1.0,1.0,,,
369,火,消除火符石 (只計算首批消除的符石),370,7,煉之嗜血龍璃,機械族,3,隨機 3 個火成員的技能 CD 減少 2,1 回合內，火屬性成員的攻擊力提升 25%,1 回合內，敵方所受傷害的 3% 轉化為我方生命力，最大為生命力等值的50% (傷害轉化效果不能疊加，並不計算主動及隊長技傷害),1.0,,1.0,,,,,,,,1.0,,,,,,,,
370,火,消除火符石 (只計算首批消除的符石),371,9,煉之原色龍丸,機械族,3,1 回合內，機械族成員的攻擊力提升 20%,隨機 3 個機械族成員的技能 CD 減少 2,1 回合內，無視五屬盾,1.0,,1.0,,1.0,,,,,,,,,,,,,,
371,火,消除火符石 (只計算首批消除的符石),372,4,煉之復生龍符,機械族,3,1 回合內，迴避光屬性敵人的攻擊,完成龍刻脈動後，隨機把 2 直行的符石轉化為火符石,1 回合內，完全回復生命力,,1.0,,,,,,,,,,,,,1.0,1.0,,,
372,木,消除木符石 (只計算首批消除的符石),373,3,森之越時龍咒,神族,3,隨機 3 個木成員的技能 CD 減少 2,1 回合內，木屬性成員的攻擊力提升 25%,1 回合內，無視攻前盾,1.0,,1.0,,,1.0,,,,,,,,,,,,,
373,木,消除木符石 (只計算首批消除的符石),374,1,森之越時龍紋,神族,3,1 回合內，神族成員的攻擊力提升 20%,隨機 3 個神族成員的技能 CD 減少 2,1 回合內，無視指定形狀盾,1.0,,1.0,1.0,,,,,,,,,,,,,,,
374,木,消除木符石 (只計算首批消除的符石),375,7,森之直流龍璃,神族,3,1 回合內，迴避木屬性敵人的攻擊,完成龍刻脈動後，隨機把 2 直行的符石轉化為木符石,1 回合內，完全回復生命力,,1.0,,,,,,,,,,,,,1.0,1.0,,,
375,木,消除木符石 (只計算首批消除的符石),376,9,森之越時龍丸,魔族,3,隨機 3 個木成員的技能 CD 減少 2,1 回合內，木屬性成員的攻擊力提升 25%,延遲全體敵人行動 1 回合,1.0,,1.0,,,,,,,,,,1.0,,,,,,
376,木,消除木符石 (只計算首批消除的符石),377,3,森之原色龍咒,魔族,3,1 回合內，魔族成員的攻擊力提升 20%,隨機 3 個魔族成員的技能 CD 減少 2,1 回合內，無視五屬盾,1.0,,1.0,,1.0,,,,,,,,,,,,,,
377,木,消除木符石 (只計算首批消除的符石),378,7,森之靈巧龍璃,魔族,3,1 回合內，迴避火屬性敵人的攻擊,完成龍刻脈動後，隨機把 2 直行的符石轉化為木符石,1 回合內，敵人全體的防禦力減少 90% ,,,,,,,,,,,,,,,1.0,1.0,,,
378,木,消除木符石 (只計算首批消除的符石),379,9,森之絕境龍丸,人類,3,隨機 3 個木成員的技能 CD 減少 2,1 回合內，木屬性成員的攻擊力提升 25%,1 回合內，所受傷害不會使你死亡,1.0,,1.0,,,,,,,,,,,1.0,,,,,
379,木,消除木符石 (只計算首批消除的符石),380,4,森之越時龍符,人類,3,1 回合內，人類成員的攻擊力提升 20%,隨機 3 個人類成員的技能 CD 減少 2,1 回合內，無視攻前盾,1.0,,1.0,,,1.0,,,,,,,,,,,,,
380,木,消除木符石 (只計算首批消除的符石),381,1,森之直流龍紋,人類,3,1 回合內，迴避木屬性敵人的攻擊,完成龍刻脈動後，隨機把 2 直行的符石轉化為木符石,1 回合內，完全回復生命力,,1.0,,,,,,,,,,,,,1.0,1.0,,,
381,木,消除木符石 (只計算首批消除的符石),382,2,森之狂暴龍印,獸類,3,隨機 3 個木成員的技能 CD 減少 2,1 回合內，木屬性成員的攻擊力提升 25%,1 回合內，無視指定形狀盾,1.0,,1.0,1.0,,,,,,,,,,,,,,,
382,木,消除木符石 (只計算首批消除的符石),383,9,森之獸暴龍丸,獸類,3,1 回合內，獸類成員的攻擊力提升 20%,隨機 3 個獸類成員的技能 CD 減少 2,1 回合內，敵方所受傷害的 3% 轉化為我方生命力，最大為生命力等值的50% (傷害轉化效果不能疊加，並不計算主動及隊長技傷害),1.0,,1.0,,,,,,,,1.0,,,,,,,,
383,木,消除木符石 (只計算首批消除的符石),384,4,森之靈巧龍符,獸類,3,1 回合內，迴避水屬性敵人的攻擊,完成龍刻脈動後，隨機把 2 直行的符石轉化為木符石,1 回合內，完全回復生命力,,1.0,,,,,,,,,,,,,1.0,1.0,,,
384,木,消除木符石 (只計算首批消除的符石),385,7,森之越時龍璃,龍類,3,隨機 3 個木成員的技能 CD 減少 2,1 回合內，木屬性成員的攻擊力提升 25%,1 回合內，所有成員無視屬性相剋,1.0,,1.0,,,,,,,1.0,,,,,,,,,
385,木,消除木符石 (只計算首批消除的符石),386,3,森之龍暴龍咒,龍類,3,1 回合內，龍類成員的攻擊力提升 20%,隨機 3 個龍類成員的技能 CD 減少 2,1 回合內，敵人全體的防禦力減少 90% ,1.0,,1.0,,,,,,,,,,,,,,,,
386,木,消除木符石 (只計算首批消除的符石),387,9,森之直流龍丸,龍類,3,1 回合內，迴避暗屬性敵人的攻擊,完成龍刻脈動後，隨機把 2 直行的符石轉化為木符石,1 回合內，完全回復生命力,,1.0,,,,,,,,,,,,,1.0,1.0,,,
387,木,消除木符石 (只計算首批消除的符石),388,2,森之衝鋒龍印,妖精類,3,隨機 3 個木成員的技能 CD 減少 2,1 回合內，木屬性成員的攻擊力提升 25%,1 回合內，無視攻前盾,1.0,,1.0,,,1.0,,,,,,,,,,,,,
388,木,消除木符石 (只計算首批消除的符石),389,9,森之妖暴龍丸,妖精類,3,1 回合內，妖精類成員的攻擊力提升 20%,隨機 3 個妖精類成員的技能 CD 減少 2,延遲全體敵人行動 1 回合,1.0,,1.0,,,,,,,,,,1.0,,,,,,
389,木,消除木符石 (只計算首批消除的符石),390,4,森之復生龍符,妖精類,3,1 回合內，迴避光屬性敵人的攻擊,完成龍刻脈動後，隨機把 2 直行的符石轉化為木符石,1 回合內，完全回復生命力,,1.0,,,,,,,,,,,,,1.0,1.0,,,
390,木,消除木符石 (只計算首批消除的符石),391,3,森之衝鋒龍咒,機械族,3,隨機 3 個木成員的技能 CD 減少 2,1 回合內，木屬性成員的攻擊力提升 25%,1 回合內，無視攻前盾,1.0,,1.0,,,1.0,,,,,,,,,,,,,
391,木,消除木符石 (只計算首批消除的符石),392,9,森之嗜血龍丸,機械族,3,1 回合內，機械族成員的攻擊力提升 20%,隨機 3 個機械族成員的技能 CD 減少 2,1 回合內，敵方所受傷害的 3% 轉化為我方生命力，最大為生命力等值的50% (傷害轉化效果不能疊加，並不計算主動及隊長技傷害),1.0,,1.0,,,,,,,,1.0,,,,,,,,
392,木,消除木符石 (只計算首批消除的符石),393,1,森之靈巧龍紋,機械族,3,1 回合內，迴避木屬性敵人的攻擊,完成龍刻脈動後，隨機把 2 直行的符石轉化為木符石,1 回合內，完全回復生命力,,1.0,,,,,,,,,,,,,1.0,1.0,,,
393,光,消除光符石 (只計算首批消除的符石),394,4,耀之狂暴龍符,神族,3,隨機 3 個光成員的技能 CD 減少 2,1 回合內，光屬性成員的攻擊力提升 25%,1 回合內，無視五屬盾,1.0,,1.0,,1.0,,,,,,,,,,,,,,
394,光,消除光符石 (只計算首批消除的符石),395,7,耀之神暴龍璃,神族,3,1 回合內，神族成員的攻擊力提升 20%,隨機 3 個神族成員的技能 CD 減少 2,1 回合內，敵人全體的防禦力減少 90% ,1.0,,1.0,,,,,,,,,,,,,,,,
395,光,消除光符石 (只計算首批消除的符石),396,2,耀之直流龍印,神族,3,1 回合內，迴避光屬性敵人的攻擊,完成龍刻脈動後，隨機把 2 直行的符石轉化為光符石,1 回合內，完全回復生命力,,1.0,,,,,,,,,,,,,1.0,1.0,,,
396,光,消除光符石 (只計算首批消除的符石),397,9,耀之越時龍丸,魔族,3,隨機 3 個光成員的技能 CD 減少 2,1 回合內，光屬性成員的攻擊力提升 25%,延遲全體敵人行動 1 回合,1.0,,1.0,,,,,,,,,,1.0,,,,,,
397,光,消除光符石 (只計算首批消除的符石),398,3,耀之越時龍咒,魔族,3,1 回合內，魔族成員的攻擊力提升 20%,隨機 3 個魔族成員的技能 CD 減少 2,1 回合內，無視指定形狀盾,1.0,,1.0,1.0,,,,,,,,,,,,,,,
398,光,消除光符石 (只計算首批消除的符石),399,9,耀之直流龍丸,魔族,3,1 回合內，迴避火屬性敵人的攻擊,完成龍刻脈動後，隨機把 2 直行的符石轉化為光符石,1 回合內，完全回復生命力,,1.0,,,,,,,,,,,,,1.0,1.0,,,
399,光,消除光符石 (只計算首批消除的符石),400,1,耀之越時龍紋,人類,3,隨機 3 個光成員的技能 CD 減少 2,1 回合內，光屬性成員的攻擊力提升 25%,1 回合內，所受傷害不會使你死亡,1.0,,1.0,,,,,,,,,,,1.0,,,,,
400,光,消除光符石 (只計算首批消除的符石),401,3,耀之王暴龍咒,人類,3,1 回合內，人類成員的攻擊力提升 20%,隨機 3 個人類成員的技能 CD 減少 2,1 回合內，無視攻前盾,1.0,,1.0,,,1.0,,,,,,,,,,,,,
401,光,消除光符石 (只計算首批消除的符石),402,7,耀之靈巧龍璃,人類,3,1 回合內，迴避水屬性敵人的攻擊,完成龍刻脈動後，隨機把 2 直行的符石轉化為光符石,1 回合內，敵人全體的防禦力減少 90% ,,,,,,,,,,,,,,,1.0,1.0,,,
402,光,消除光符石 (只計算首批消除的符石),403,9,耀之原色龍丸,獸類,3,隨機 3 個光成員的技能 CD 減少 2,1 回合內，光屬性成員的攻擊力提升 25%,1 回合內，無視五屬盾,1.0,,1.0,,1.0,,,,,,,,,,,,,,
403,光,消除光符石 (只計算首批消除的符石),404,2,耀之越時龍印,獸類,3,1 回合內，獸類成員的攻擊力提升 20%,隨機 3 個獸類成員的技能 CD 減少 2,1 回合內，敵方所受傷害的 3% 轉化為我方生命力，最大為生命力等值的50% (傷害轉化效果不能疊加，並不計算主動及隊長技傷害),1.0,,1.0,,,,,,,,1.0,,,,,,,,
404,光,消除光符石 (只計算首批消除的符石),405,9,耀之靈巧龍丸,獸類,3,1 回合內，迴避暗屬性敵人的攻擊,完成龍刻脈動後，隨機把 2 直行的符石轉化為光符石,1 回合內，完全回復生命力,,1.0,,,,,,,,,,,,,1.0,1.0,,,
405,光,消除光符石 (只計算首批消除的符石),406,4,耀之越時龍符,龍類,3,隨機 3 個光成員的技能 CD 減少 2,1 回合內，光屬性成員的攻擊力提升 25%,1 回合內，敵人全體的防禦力減少 90% ,1.0,,1.0,,,,,,,,,,,,,,,,
406,光,消除光符石 (只計算首批消除的符石),407,2,耀之圖騰龍印,龍類,3,1 回合內，龍類成員的攻擊力提升 20%,隨機 3 個龍類成員的技能 CD 減少 2,1 回合內，無視指定形狀盾,1.0,,1.0,1.0,,,,,,,,,,,,,,,
407,光,消除光符石 (只計算首批消除的符石),408,9,耀之復生龍丸,龍類,3,1 回合內，迴避光屬性敵人的攻擊,完成龍刻脈動後，隨機把 2 直行的符石轉化為光符石,1 回合內，完全回復生命力,,1.0,,,,,,,,,,,,,1.0,1.0,,,
408,光,消除光符石 (只計算首批消除的符石),409,3,耀之重炮龍咒,妖精類,3,隨機 3 個光成員的技能 CD 減少 2,1 回合內，光屬性成員的攻擊力提升 25%,1 回合內，所有成員無視屬性相剋,1.0,,1.0,,,,,,,1.0,,,,,,,,,
409,光,消除光符石 (只計算首批消除的符石),410,1,耀之妖暴龍紋,妖精類,3,1 回合內，妖精類成員的攻擊力提升 20%,隨機 3 個妖精類成員的技能 CD 減少 2,1 回合內，敵方所受傷害的 3% 轉化為我方生命力，最大為生命力等值的50% (傷害轉化效果不能疊加，並不計算主動及隊長技傷害),1.0,,1.0,,,,,,,,1.0,,,,,,,,
410,光,消除光符石 (只計算首批消除的符石),411,7,耀之復生龍璃,妖精類,3,1 回合內，迴避暗屬性敵人的攻擊,完成龍刻脈動後，隨機把 2 直行的符石轉化為光符石,1 回合內，完全回復生命力,,1.0,,,,,,,,,,,,,1.0,1.0,,,
411,光,消除光符石 (只計算首批消除的符石),412,9,耀之嗜血龍丸,機械族,3,隨機 3 個光成員的技能 CD 減少 2,1 回合內，光屬性成員的攻擊力提升 25%,1 回合內，敵方所受傷害的 3% 轉化為我方生命力，最大為生命力等值的50% (傷害轉化效果不能疊加，並不計算主動及隊長技傷害),1.0,,1.0,,,,,,,,1.0,,,,,,,,
412,光,消除光符石 (只計算首批消除的符石),413,1,耀之機暴龍紋,機械族,3,1 回合內，機械族成員的攻擊力提升 20%,隨機 3 個機械族成員的技能 CD 減少 2,延遲全體敵人行動 1 回合,1.0,,1.0,,,,,,,,,,1.0,,,,,,
413,光,消除光符石 (只計算首批消除的符石),414,4,耀之直流龍符,機械族,3,1 回合內，迴避木屬性敵人的攻擊,完成龍刻脈動後，隨機把 2 直行的符石轉化為光符石,1 回合內，完全回復生命力,,1.0,,,,,,,,,,,,,1.0,1.0,,,
414,暗,消除暗符石 (只計算首批消除的符石),415,7,影之狂暴龍璃,神族,3,隨機 3 個暗成員的技能 CD 減少 2,1 回合內，暗屬性成員的攻擊力提升 25%,1 回合內，無視攻前盾,1.0,,1.0,,,1.0,,,,,,,,,,,,,
415,暗,消除暗符石 (只計算首批消除的符石),416,9,影之神暴龍丸,神族,3,1 回合內，神族成員的攻擊力提升 20%,隨機 3 個神族成員的技能 CD 減少 2,1 回合內，所受傷害不會使你死亡,1.0,,1.0,,,,,,,,,,,1.0,,,,,
416,暗,消除暗符石 (只計算首批消除的符石),417,3,影之靈巧龍咒,神族,3,1 回合內，迴避火屬性敵人的攻擊,完成龍刻脈動後，隨機把 2 直行的符石轉化為暗符石,1 回合內，完全回復生命力,,1.0,,,,,,,,,,,,,1.0,1.0,,,
417,暗,消除暗符石 (只計算首批消除的符石),418,9,影之破甲龍丸,魔族,3,隨機 3 個暗成員的技能 CD 減少 2,1 回合內，暗屬性成員的攻擊力提升 25%,1 回合內，敵人全體的防禦力減少 90% ,1.0,,1.0,,,,,,,,,,,,,,,,
418,暗,消除暗符石 (只計算首批消除的符石),419,2,影之魔暴龍印,魔族,3,1 回合內，魔族成員的攻擊力提升 20%,隨機 3 個魔族成員的技能 CD 減少 2,1 回合內，無視指定形狀盾,1.0,,1.0,1.0,,,,,,,,,,,,,,,
419,暗,消除暗符石 (只計算首批消除的符石),420,7,影之直流龍璃,魔族,3,1 回合內，迴避水屬性敵人的攻擊,完成龍刻脈動後，隨機把 2 直行的符石轉化為暗符石,1 回合內，完全回復生命力,,1.0,,,,,,,,,,,,,1.0,1.0,,,
420,暗,消除暗符石 (只計算首批消除的符石),421,9,影之狂暴龍丸 II,人類,3,隨機 3 個暗成員的技能 CD 減少 2,1 回合內，暗屬性成員的攻擊力提升 25%,1 回合內，敵人全體的防禦力減少 90% ,1.0,,1.0,,,,,,,,,,,,,,,,
421,暗,消除暗符石 (只計算首批消除的符石),422,4,影之越時龍符,人類,3,1 回合內，人類成員的攻擊力提升 20%,隨機 3 個人類成員的技能 CD 減少 2,1 回合內，無視五屬盾,1.0,,1.0,,1.0,,,,,,,,,,,,,,
422,暗,消除暗符石 (只計算首批消除的符石),423,2,影之直流龍印,人類,3,1 回合內，迴避暗屬性敵人的攻擊,完成龍刻脈動後，隨機把 2 直行的符石轉化為暗符石,1 回合內，完全回復生命力,,1.0,,,,,,,,,,,,,1.0,1.0,,,
423,暗,消除暗符石 (只計算首批消除的符石),424,3,影之嗜血龍印,獸類,3,隨機 3 個暗成員的技能 CD 減少 2,1 回合內，暗屬性成員的攻擊力提升 25%,1 回合內，敵方所受傷害的 3% 轉化為我方生命力，最大為生命力等值的50% (傷害轉化效果不能疊加，並不計算主動及隊長技傷害),1.0,,1.0,,,,,,,,1.0,,,,,,,,
424,暗,消除暗符石 (只計算首批消除的符石),425,7,影之越時龍璃,獸類,3,1 回合內，獸類成員的攻擊力提升 20%,隨機 3 個獸類成員的技能 CD 減少 2,1 回合內，無視攻前盾,1.0,,1.0,,,1.0,,,,,,,,,,,,,
425,暗,消除暗符石 (只計算首批消除的符石),426,9,影之直流龍丸,獸類,3,1 回合內，迴避水屬性敵人的攻擊,完成龍刻脈動後，隨機把 2 直行的符石轉化為暗符石,1 回合內，完全回復生命力,,1.0,,,,,,,,,,,,,1.0,1.0,,,
426,暗,消除暗符石 (只計算首批消除的符石),427,4,影之威嚇龍符,龍類,3,隨機 3 個暗成員的技能 CD 減少 2,1 回合內，暗屬性成員的攻擊力提升 25%,延遲全體敵人行動 1 回合,1.0,,1.0,,,,,,,,,,1.0,,,,,,
427,暗,消除暗符石 (只計算首批消除的符石),428,1,影之越時龍紋,龍類,3,1 回合內，龍類成員的攻擊力提升 20%,隨機 3 個龍類成員的技能 CD 減少 2,1 回合內，無視指定形狀盾,1.0,,1.0,1.0,,,,,,,,,,,,,,,
428,暗,消除暗符石 (只計算首批消除的符石),429,9,影之靈巧龍丸,龍類,3,1 回合內，迴避光屬性敵人的攻擊,完成龍刻脈動後，隨機把 2 直行的符石轉化為暗符石,1 回合內，完全回復生命力,,1.0,,,,,,,,,,,,,1.0,1.0,,,
429,暗,消除暗符石 (只計算首批消除的符石),430,2,影之原色龍印,妖精類,3,隨機 3 個暗成員的技能 CD 減少 2,1 回合內，暗屬性成員的攻擊力提升 25%,1 回合內，無視五屬盾,1.0,,1.0,,1.0,,,,,,,,,,,,,,
430,暗,消除暗符石 (只計算首批消除的符石),431,7,影之妖暴龍璃,妖精類,3,1 回合內，妖精類成員的攻擊力提升 20%,隨機 3 個妖精類成員的技能 CD 減少 2,1 回合內，敵人全體的防禦力減少 90% ,1.0,,1.0,,,,,,,,,,,,,,,,
431,暗,消除暗符石 (只計算首批消除的符石),432,9,影之復生龍丸,妖精類,3,1 回合內，迴避木屬性敵人的攻擊,完成龍刻脈動後，隨機把 2 直行的符石轉化為暗符石,1 回合內，完全回復生命力,,1.0,,,,,,,,,,,,,1.0,1.0,,,
432,暗,消除暗符石 (只計算首批消除的符石),433,7,影之衝鋒龍璃,機械族,3,隨機 3 個暗成員的技能 CD 減少 2,1 回合內，暗屬性成員的攻擊力提升 25%,1 回合內，無視攻前盾,1.0,,1.0,,,1.0,,,,,,,,,,,,,
433,暗,消除暗符石 (只計算首批消除的符石),434,1,影之機暴龍紋,機械族,3,1 回合內，機械族成員的攻擊力提升 20%,隨機 3 個機械族成員的技能 CD 減少 2,1 回合內，所受傷害不會使你死亡,1.0,,1.0,,,,,,,,,,,1.0,,,,,
434,暗,消除暗符石 (只計算首批消除的符石),435,9,影之直流龍丸 II,機械族,3,1 回合內，迴避火屬性敵人的攻擊,完成龍刻脈動後，隨機把 2 直行的符石轉化為暗符石,1 回合內，完全回復生命力,,1.0,,,,,,,,,,,,,1.0,1.0,,,
